# Wavelength_Angstrom  Normalized_Flux
4.800000011199999790e+03 9.498611688613891602e-01
4.800050011200700283e+03 9.939038157463073730e-01
4.800100011201399866e+03 1.009419083595275879e+00
4.800150011202100359e+03 1.003699302673339844e+00
4.800200011202799942e+03 9.947403073310852051e-01
4.800250011203499525e+03 9.704630374908447266e-01
4.800300011204200018e+03 9.136350154876708984e-01
4.800350011204899602e+03 8.169140219688415527e-01
4.800400011205600094e+03 6.895204782485961914e-01
4.800450011206299678e+03 6.378154754638671875e-01
4.800500011207000171e+03 7.349984049797058105e-01
4.800550011207699754e+03 8.793099522590637207e-01
4.800600011208400247e+03 9.722107648849487305e-01
4.800650011209099830e+03 9.940065741539001465e-01
4.800700011209800323e+03 9.590353965759277344e-01
4.800750011210499906e+03 8.571488857269287109e-01
4.800800011211200399e+03 7.319671511650085449e-01
4.800850011211899982e+03 7.234324812889099121e-01
4.800900011212599566e+03 8.397598862648010254e-01
4.800950011213300058e+03 9.447641968727111816e-01
4.801000011213999642e+03 9.887847304344177246e-01
4.801050011214700135e+03 9.961238503456115723e-01
4.801100011215399718e+03 9.921187162399291992e-01
4.801150011216100211e+03 1.003602504730224609e+00
4.801200011216799794e+03 1.000972270965576172e+00
4.801250011217500287e+03 9.993847608566284180e-01
4.801300011218199870e+03 9.875732660293579102e-01
4.801350011218900363e+03 9.784798026084899902e-01
4.801400011219599946e+03 9.710522294044494629e-01
4.801450011220300439e+03 9.758652448654174805e-01
4.801500011221000022e+03 9.926084280014038086e-01
4.801550011221699606e+03 1.009271740913391113e+00
4.801600011222400099e+03 1.004175186157226562e+00
4.801650011223099682e+03 9.996994137763977051e-01
4.801700011223800175e+03 9.951955080032348633e-01
4.801750011224499758e+03 9.925732612609863281e-01
4.801800011225200251e+03 9.982151389122009277e-01
4.801850011225899834e+03 1.000884652137756348e+00
4.801900011226600327e+03 1.001910209655761719e+00
4.801950011227299910e+03 1.007321953773498535e+00
4.802000011227999494e+03 1.009447216987609863e+00
4.802050011228699987e+03 1.005946278572082520e+00
4.802100011229400479e+03 1.002258777618408203e+00
4.802150011230100063e+03 1.003697037696838379e+00
4.802200011230799646e+03 9.940916299819946289e-01
4.802250011231500139e+03 9.571015238761901855e-01
4.802300011232199722e+03 9.132744073867797852e-01
4.802350011232900215e+03 9.217061400413513184e-01
4.802400011233599798e+03 9.578019380569458008e-01
4.802450011234300291e+03 9.906827211380004883e-01
4.802500011234999874e+03 9.948766231536865234e-01
4.802550011235700367e+03 9.590010046958923340e-01
4.802600011236399951e+03 8.285489678382873535e-01
4.802650011237099534e+03 6.720843315124511719e-01
4.802700011237800027e+03 6.588919162750244141e-01
4.802750011238499610e+03 7.979081273078918457e-01
4.802800011239200103e+03 9.271101355552673340e-01
4.802850011239899686e+03 9.827272891998291016e-01
4.802900011240600179e+03 1.002956986427307129e+00
4.802950011241299762e+03 1.006147503852844238e+00
4.803000011242000255e+03 1.003934025764465332e+00
4.803050011242699838e+03 1.003404736518859863e+00
4.803100011243400331e+03 9.999965429306030273e-01
4.803150011244099915e+03 1.000306010246276855e+00
4.803200011244800407e+03 1.003850340843200684e+00
4.803250011245499991e+03 1.000726103782653809e+00
4.803300011246199574e+03 9.962627887725830078e-01
4.803350011246900067e+03 9.958531260490417480e-01
4.803400011247599650e+03 9.984757900238037109e-01
4.803450011248300143e+03 9.969958066940307617e-01
4.803500011248999726e+03 9.976176619529724121e-01
4.803550011249700219e+03 9.999152421951293945e-01
4.803600011250399803e+03 1.002367615699768066e+00
4.803650011251100295e+03 1.009783506393432617e+00
4.803700011251799879e+03 1.003479957580566406e+00
4.803750011252499462e+03 9.916931986808776855e-01
4.803800011253199955e+03 9.727650880813598633e-01
4.803850011253900448e+03 9.784352779388427734e-01
4.803900011254600031e+03 9.813685417175292969e-01
4.803950011255299614e+03 9.904247522354125977e-01
4.804000011256000107e+03 9.933588504791259766e-01
4.804050011256699690e+03 9.905942082405090332e-01
4.804100011257400183e+03 9.952120780944824219e-01
4.804150011258099767e+03 9.899699091911315918e-01
4.804200011258800259e+03 9.707465767860412598e-01
4.804250011259499843e+03 9.107578396797180176e-01
4.804300011260200336e+03 8.575891256332397461e-01
4.804350011260899919e+03 8.696885108947753906e-01
4.804400011261599502e+03 9.162444472312927246e-01
4.804450011262299995e+03 9.540948271751403809e-01
4.804500011262999578e+03 9.743143320083618164e-01
4.804550011263700071e+03 9.891958236694335938e-01
4.804600011264399654e+03 9.938896298408508301e-01
4.804650011265100147e+03 9.742425084114074707e-01
4.804700011265799731e+03 9.162751436233520508e-01
4.804750011266500223e+03 7.969719767570495605e-01
4.804800011267199807e+03 6.376625895500183105e-01
4.804850011267900300e+03 5.158987045288085938e-01
4.804900011268599883e+03 5.167555212974548340e-01
4.804950011269300376e+03 6.689953804016113281e-01
4.805000011269999959e+03 8.559084534645080566e-01
4.805050011270699542e+03 9.488965272903442383e-01
4.805100011271400035e+03 9.418371915817260742e-01
4.805150011272099619e+03 8.862881660461425781e-01
4.805200011272800111e+03 8.098390102386474609e-01
4.805250011273499695e+03 8.240759372711181641e-01
4.805300011274200187e+03 8.950559496879577637e-01
4.805350011274899771e+03 9.655229449272155762e-01
4.805400011275600264e+03 9.848645925521850586e-01
4.805450011276299847e+03 1.006113529205322266e+00
4.805500011277000340e+03 1.004401445388793945e+00
4.805550011277699923e+03 1.009196519851684570e+00
4.805600011278400416e+03 1.007133483886718750e+00
4.805650011279099999e+03 1.009826302528381348e+00
4.805700011279799583e+03 1.016923666000366211e+00
4.805750011280500075e+03 1.002562761306762695e+00
4.805800011281199659e+03 1.006660103797912598e+00
4.805850011281900152e+03 1.004264473915100098e+00
4.805900011282599735e+03 1.002774834632873535e+00
4.805950011283300228e+03 9.928958415985107422e-01
4.806000011283999811e+03 9.627964496612548828e-01
4.806050011284700304e+03 9.371901750564575195e-01
4.806100011285399887e+03 9.366850256919860840e-01
4.806150011286099470e+03 9.544225931167602539e-01
4.806200011286799963e+03 9.850396513938903809e-01
4.806250011287500456e+03 1.008481383323669434e+00
4.806300011288200039e+03 1.004382491111755371e+00
4.806350011288899623e+03 9.988396763801574707e-01
4.806400011289600116e+03 9.978638887405395508e-01
4.806450011290299699e+03 9.896503686904907227e-01
4.806500011291000192e+03 9.812583923339843750e-01
4.806550011291699775e+03 9.854263663291931152e-01
4.806600011292400268e+03 9.867892265319824219e-01
4.806650011293099851e+03 9.552577733993530273e-01
4.806700011293800344e+03 8.539422750473022461e-01
4.806750011294499927e+03 7.106247544288635254e-01
4.806800011295199511e+03 6.580708026885986328e-01
4.806850011295900003e+03 7.577031850814819336e-01
4.806900011296599587e+03 8.876813054084777832e-01
4.806950011297300080e+03 9.432607889175415039e-01
4.807000011297999663e+03 9.391871094703674316e-01
4.807050011298700156e+03 9.374305009841918945e-01
4.807100011299399739e+03 9.552961587905883789e-01
4.807150011300100232e+03 9.680373668670654297e-01
4.807200011300799815e+03 9.718683362007141113e-01
4.807250011301500308e+03 9.542193412780761719e-01
4.807300011302199891e+03 9.308615922927856445e-01
4.807350011302900384e+03 9.198259711265563965e-01
4.807400011303599968e+03 8.757201433181762695e-01
4.807450011304299551e+03 7.709202170372009277e-01
4.807500011305000044e+03 6.872020959854125977e-01
4.807550011305699627e+03 7.450402975082397461e-01
4.807600011306400120e+03 8.828679919242858887e-01
4.807650011307099703e+03 9.670442342758178711e-01
4.807700011307800196e+03 9.895562529563903809e-01
4.807750011308499779e+03 9.994462728500366211e-01
4.807800011309200272e+03 9.898194670677185059e-01
4.807850011309899855e+03 9.573093652725219727e-01
4.807900011310600348e+03 8.718326687812805176e-01
4.807950011311299932e+03 8.273519873619079590e-01
4.808000011312000424e+03 8.842046260833740234e-01
4.808050011312700008e+03 9.591353535652160645e-01
4.808100011313399591e+03 9.940763115882873535e-01
4.808150011314100084e+03 9.954540133476257324e-01
4.808200011314799667e+03 9.800061583518981934e-01
4.808250011315500160e+03 9.420709013938903809e-01
4.808300011316199743e+03 8.388125300407409668e-01
4.808350011316900236e+03 7.752621173858642578e-01
4.808400011317599819e+03 7.476682662963867188e-01
4.808450011318300312e+03 7.145117521286010742e-01
4.808500011318999896e+03 7.413789033889770508e-01
4.808550011319699479e+03 8.481266498565673828e-01
4.808600011320399972e+03 8.907457590103149414e-01
4.808650011321100465e+03 8.602096438407897949e-01
4.808700011321800048e+03 8.828353285789489746e-01
4.808750011322499631e+03 9.259419441223144531e-01
4.808800011323200124e+03 9.690682291984558105e-01
4.808850011323899707e+03 9.590919017791748047e-01
4.808900011324600200e+03 9.168155789375305176e-01
4.808950011325299783e+03 8.918408751487731934e-01
4.809000011326000276e+03 9.042687416076660156e-01
4.809050011326699860e+03 9.220656752586364746e-01
4.809100011327400352e+03 9.491879343986511230e-01
4.809150011328099936e+03 9.839869141578674316e-01
4.809200011328799519e+03 1.001061320304870605e+00
4.809250011329500012e+03 9.983797669410705566e-01
4.809300011330199595e+03 9.967689514160156250e-01
4.809350011330900088e+03 9.913627505302429199e-01
4.809400011331599671e+03 9.963471293449401855e-01
4.809450011332300164e+03 9.982854127883911133e-01
4.809500011332999748e+03 1.018931865692138672e+00
4.809550011333700240e+03 1.024509549140930176e+00
4.809600011334399824e+03 9.982593059539794922e-01
4.809650011335100317e+03 9.535617232322692871e-01
4.809700011335799900e+03 8.981245160102844238e-01
4.809750011336500393e+03 8.727518320083618164e-01
4.809800011337199976e+03 9.296013116836547852e-01
4.809850011337899559e+03 9.893330335617065430e-01
4.809900011338600052e+03 1.005351185798645020e+00
4.809950011339299635e+03 1.012594103813171387e+00
4.810000011340000128e+03 1.001077771186828613e+00
4.810050011340699712e+03 9.983815550804138184e-01
4.810100011341400204e+03 9.873884320259094238e-01
4.810150011342099788e+03 9.791316390037536621e-01
4.810200011342800281e+03 9.400554299354553223e-01
4.810250011343499864e+03 8.156324625015258789e-01
4.810300011344200357e+03 6.150769591331481934e-01
4.810350011344899940e+03 5.776429176330566406e-01
4.810400011345600433e+03 7.601737380027770996e-01
4.810450011346300016e+03 9.087705612182617188e-01
4.810500011346999599e+03 9.477757215499877930e-01
4.810550011347700092e+03 9.601377248764038086e-01
4.810600011348399676e+03 9.776363372802734375e-01
4.810650011349100168e+03 1.000718712806701660e+00
4.810700011349799752e+03 9.983664751052856445e-01
4.810750011350500245e+03 9.735910296440124512e-01
4.810800011351199828e+03 9.342827200889587402e-01
4.810850011351900321e+03 9.035779237747192383e-01
4.810900011352599904e+03 9.454103112220764160e-01
4.810950011353299487e+03 9.898049235343933105e-01
4.811000011353999980e+03 1.007359623908996582e+00
4.811050011354700473e+03 9.940174818038940430e-01
4.811100011355400056e+03 9.632687568664550781e-01
4.811150011356099640e+03 9.410845637321472168e-01
4.811200011356800132e+03 9.593574404716491699e-01
4.811250011357499716e+03 9.780452251434326172e-01
4.811300011358200209e+03 1.000087738037109375e+00
4.811350011358899792e+03 1.015326976776123047e+00
4.811400011359600285e+03 1.019104957580566406e+00
4.811450011360299868e+03 1.029617786407470703e+00
4.811500011361000361e+03 1.016618371009826660e+00
4.811550011361699944e+03 1.008715033531188965e+00
4.811600011362399528e+03 9.925091266632080078e-01
4.811650011363100020e+03 9.729770421981811523e-01
4.811700011363799604e+03 9.384827017784118652e-01
4.811750011364500097e+03 8.837591409683227539e-01
4.811800011365199680e+03 8.753166198730468750e-01
4.811850011365900173e+03 9.223133921623229980e-01
4.811900011366599756e+03 9.761732816696166992e-01
4.811950011367300249e+03 9.818392395973205566e-01
4.812000011367999832e+03 9.432740807533264160e-01
4.812050011368700325e+03 8.769461512565612793e-01
4.812100011369399908e+03 8.156865835189819336e-01
4.812150011370100401e+03 7.909346222877502441e-01
4.812200011370799984e+03 8.604839444160461426e-01
4.812250011371499568e+03 9.456393718719482422e-01
4.812300011372200061e+03 9.979944229125976562e-01
4.812350011372899644e+03 1.010220050811767578e+00
4.812400011373600137e+03 1.011467814445495605e+00
4.812450011374299720e+03 1.017776131629943848e+00
4.812500011375000213e+03 1.018666625022888184e+00
4.812550011375699796e+03 1.007757663726806641e+00
4.812600011376400289e+03 9.916170835494995117e-01
4.812650011377099872e+03 9.646108746528625488e-01
4.812700011377800365e+03 9.441906809806823730e-01
4.812750011378499948e+03 9.334214925765991211e-01
4.812800011379200441e+03 9.293053746223449707e-01
4.812850011379900025e+03 8.957716226577758789e-01
4.812900011380599608e+03 8.633390665054321289e-01
4.812950011381300101e+03 8.907611370086669922e-01
4.813000011381999684e+03 9.544590115547180176e-01
4.813050011382700177e+03 9.968622326850891113e-01
4.813100011383399760e+03 9.982295632362365723e-01
4.813150011384100253e+03 9.631501436233520508e-01
4.813200011384799836e+03 8.598691821098327637e-01
4.813250011385500329e+03 7.544946074485778809e-01
4.813300011386199913e+03 7.481446266174316406e-01
4.813350011386899496e+03 8.642861247062683105e-01
4.813400011387599989e+03 9.533029794692993164e-01
4.813450011388300481e+03 9.867415428161621094e-01
4.813500011389000065e+03 9.828125834465026855e-01
4.813550011389699648e+03 9.870123863220214844e-01
4.813600011390400141e+03 9.876561164855957031e-01
4.813650011391099724e+03 1.001835823059082031e+00
4.813700011391800217e+03 9.803131222724914551e-01
4.813750011392499800e+03 9.669637680053710938e-01
4.813800011393200293e+03 9.588283300399780273e-01
4.813850011393899877e+03 9.861891269683837891e-01
4.813900011394600369e+03 9.908321499824523926e-01
4.813950011395299953e+03 1.004438996315002441e+00
4.814000011395999536e+03 9.741756916046142578e-01
4.814050011396700029e+03 9.339941740036010742e-01
4.814100011397399612e+03 8.987005949020385742e-01
4.814150011398100105e+03 9.067355394363403320e-01
4.814200011398799688e+03 9.341127872467041016e-01
4.814250011399500181e+03 9.687425494194030762e-01
4.814300011400199764e+03 9.620894193649291992e-01
4.814350011400900257e+03 9.114950895309448242e-01
4.814400011401599841e+03 8.930504918098449707e-01
4.814450011402300333e+03 9.280719161033630371e-01
4.814500011402999917e+03 9.701833724975585938e-01
4.814550011403700410e+03 9.856016635894775391e-01
4.814600011404399993e+03 9.749742150306701660e-01
4.814650011405099576e+03 9.818070530891418457e-01
4.814700011405800069e+03 9.902952313423156738e-01
4.814750011406499652e+03 9.943711757659912109e-01
4.814800011407200145e+03 9.863169789314270020e-01
4.814850011407899729e+03 9.844142794609069824e-01
4.814900011408600221e+03 9.882835149765014648e-01
4.814950011409299805e+03 9.600911736488342285e-01
4.815000011410000297e+03 9.218772053718566895e-01
4.815050011410699881e+03 9.043207168579101562e-01
4.815100011411399464e+03 9.247260689735412598e-01
4.815150011412099957e+03 9.682893753051757812e-01
4.815200011412800450e+03 9.804189801216125488e-01
4.815250011413500033e+03 9.847261905670166016e-01
4.815300011414199616e+03 9.903678894042968750e-01
4.815350011414900109e+03 9.953219294548034668e-01
4.815400011415599693e+03 9.864194989204406738e-01
4.815450011416300185e+03 9.855692386627197266e-01
4.815500011416999769e+03 9.890348315238952637e-01
4.815550011417700262e+03 9.910838603973388672e-01
4.815600011418399845e+03 9.555160999298095703e-01
4.815650011419100338e+03 9.446039795875549316e-01
4.815700011419799921e+03 9.047186970710754395e-01
4.815750011420499504e+03 8.970919251441955566e-01
4.815800011421199997e+03 9.430720210075378418e-01
4.815850011421899580e+03 9.812781214714050293e-01
4.815900011422600073e+03 9.876285791397094727e-01
4.815950011423299657e+03 9.817877411842346191e-01
4.816000011424000149e+03 9.860200881958007812e-01
4.816050011424699733e+03 9.922664165496826172e-01
4.816100011425400226e+03 9.890424013137817383e-01
4.816150011426099809e+03 9.885610342025756836e-01
4.816200011426800302e+03 9.824054837226867676e-01
4.816250011427499885e+03 9.802861809730529785e-01
4.816300011428200378e+03 9.870990514755249023e-01
4.816350011428899961e+03 9.928430914878845215e-01
4.816400011429599544e+03 9.950420856475830078e-01
4.816450011430300037e+03 9.861479401588439941e-01
4.816500011430999621e+03 9.838987588882446289e-01
4.816550011431700113e+03 9.939424395561218262e-01
4.816600011432399697e+03 1.006439566612243652e+00
4.816650011433100190e+03 9.987974166870117188e-01
4.816700011433799773e+03 1.001408457756042480e+00
4.816750011434500266e+03 9.986953139305114746e-01
4.816800011435199849e+03 9.984745979309082031e-01
4.816850011435900342e+03 1.001169562339782715e+00
4.816900011436599925e+03 1.007366418838500977e+00
4.816950011437300418e+03 1.009427070617675781e+00
4.817000011438000001e+03 9.934285879135131836e-01
4.817050011438699585e+03 9.907760620117187500e-01
4.817100011439400078e+03 9.971040487289428711e-01
4.817150011440099661e+03 9.836052656173706055e-01
4.817200011440800154e+03 9.796395301818847656e-01
4.817250011441499737e+03 9.862111210823059082e-01
4.817300011442200230e+03 1.001322031021118164e+00
4.817350011442899813e+03 1.008008360862731934e+00
4.817400011443600306e+03 1.004183173179626465e+00
4.817450011444299889e+03 9.858467578887939453e-01
4.817500011444999473e+03 9.047858715057373047e-01
4.817550011445699965e+03 7.620701193809509277e-01
4.817600011446400458e+03 6.773138046264648438e-01
4.817650011447100042e+03 7.404758930206298828e-01
4.817700011447799625e+03 8.687817454338073730e-01
4.817750011448500118e+03 9.390149712562561035e-01
4.817800011449199701e+03 9.189400672912597656e-01
4.817850011449900194e+03 9.207230210304260254e-01
4.817900011450599777e+03 9.530108571052551270e-01
4.817950011451300270e+03 9.791386723518371582e-01
4.818000011451999853e+03 9.807202219963073730e-01
4.818050011452700346e+03 9.781696796417236328e-01
4.818100011453399929e+03 9.893243312835693359e-01
4.818150011454099513e+03 9.874736666679382324e-01
4.818200011454800006e+03 9.843561649322509766e-01
4.818250011455499589e+03 9.980350732803344727e-01
4.818300011456200082e+03 1.008846879005432129e+00
4.818350011456899665e+03 1.007409334182739258e+00
4.818400011457600158e+03 9.989067912101745605e-01
4.818450011458299741e+03 9.892753958702087402e-01
4.818500011459000234e+03 9.923353195190429688e-01
4.818550011459699817e+03 1.007672905921936035e+00
4.818600011460400310e+03 1.011321425437927246e+00
4.818650011461099893e+03 1.019707202911376953e+00
4.818700011461800386e+03 1.015287041664123535e+00
4.818750011462499970e+03 1.005776643753051758e+00
4.818800011463199553e+03 9.879331588745117188e-01
4.818850011463900046e+03 9.839502573013305664e-01
4.818900011464599629e+03 9.726272821426391602e-01
4.818950011465300122e+03 9.593243598937988281e-01
4.819000011465999705e+03 9.671661257743835449e-01
4.819050011466700198e+03 9.728599786758422852e-01
4.819100011467399781e+03 9.785181879997253418e-01
4.819150011468100274e+03 9.865763783454895020e-01
4.819200011468799858e+03 9.934501647949218750e-01
4.819250011469500350e+03 1.005566358566284180e+00
4.819300011470199934e+03 1.010805964469909668e+00
4.819350011470900427e+03 1.004264950752258301e+00
4.819400011471600010e+03 1.003831267356872559e+00
4.819450011472299593e+03 1.001876473426818848e+00
4.819500011473000086e+03 1.006284236907958984e+00
4.819550011473699669e+03 1.000753641128540039e+00
4.819600011474400162e+03 1.010539531707763672e+00
4.819650011475099745e+03 1.009310007095336914e+00
4.819700011475800238e+03 1.011870145797729492e+00
4.819750011476499822e+03 1.005669832229614258e+00
4.819800011477200314e+03 1.008627414703369141e+00
4.819850011477899898e+03 1.019141316413879395e+00
4.819900011478599481e+03 1.017751455307006836e+00
4.819950011479299974e+03 1.008433341979980469e+00
4.820000011480000467e+03 1.006739974021911621e+00
4.820050011480700050e+03 9.904977083206176758e-01
4.820100011481399633e+03 9.300568103790283203e-01
4.820150011482100126e+03 8.176070451736450195e-01
4.820200011482799709e+03 7.330610156059265137e-01
4.820250011483500202e+03 7.961885929107666016e-01
4.820300011484199786e+03 9.288194775581359863e-01
4.820350011484900278e+03 1.010760784149169922e+00
4.820400011485599862e+03 1.016531586647033691e+00
4.820450011486300355e+03 1.010830640792846680e+00
4.820500011486999938e+03 1.005521774291992188e+00
4.820550011487699521e+03 9.964740276336669922e-01
4.820600011488400014e+03 1.003137946128845215e+00
4.820650011489099597e+03 1.011397838592529297e+00
4.820700011489800090e+03 1.000064730644226074e+00
4.820750011490499674e+03 9.775598049163818359e-01
4.820800011491200166e+03 9.459115862846374512e-01
4.820850011491899750e+03 8.848229050636291504e-01
4.820900011492600242e+03 8.149273991584777832e-01
4.820950011493299826e+03 8.243251442909240723e-01
4.821000011494000319e+03 8.892894387245178223e-01
4.821050011494699902e+03 9.732828140258789062e-01
4.821100011495400395e+03 9.948061704635620117e-01
4.821150011496099978e+03 1.005512356758117676e+00
4.821200011496799561e+03 9.811616539955139160e-01
4.821250011497500054e+03 9.567770361900329590e-01
4.821300011498199638e+03 9.537340998649597168e-01
4.821350011498900130e+03 9.576284885406494141e-01
4.821400011499599714e+03 9.702653288841247559e-01
4.821450011500300207e+03 9.896529316902160645e-01
4.821500011500999790e+03 9.901846647262573242e-01
4.821550011501700283e+03 9.960138797760009766e-01
4.821600011502399866e+03 9.989389181137084961e-01
4.821650011503100359e+03 1.004095196723937988e+00
4.821700011503799942e+03 1.000436663627624512e+00
4.821750011504500435e+03 9.961326718330383301e-01
4.821800011505200018e+03 9.975070357322692871e-01
4.821850011505899602e+03 9.971872568130493164e-01
4.821900011506600094e+03 1.000927567481994629e+00
4.821950011507299678e+03 9.970624446868896484e-01
4.822000011508000171e+03 9.929043650627136230e-01
4.822050011508699754e+03 9.771851301193237305e-01
4.822100011509400247e+03 9.673205018043518066e-01
4.822150011510099830e+03 9.645558595657348633e-01
4.822200011510800323e+03 9.764088392257690430e-01
4.822250011511499906e+03 9.764050245285034180e-01
4.822300011512199490e+03 9.528774619102478027e-01
4.822350011512899982e+03 9.255493879318237305e-01
4.822400011513600475e+03 9.171141982078552246e-01
4.822450011514300058e+03 9.250521063804626465e-01
4.822500011514999642e+03 9.458588957786560059e-01
4.822550011515700135e+03 9.695625305175781250e-01
4.822600011516399718e+03 9.777112603187561035e-01
4.822650011517100211e+03 9.808579683303833008e-01
4.822700011517799794e+03 9.775878190994262695e-01
4.822750011518500287e+03 9.710314273834228516e-01
4.822800011519199870e+03 9.560433030128479004e-01
4.822850011519900363e+03 9.471260905265808105e-01
4.822900011520599946e+03 9.485352635383605957e-01
4.822950011521299530e+03 9.542108774185180664e-01
4.823000011522000023e+03 9.172410964965820312e-01
4.823050011522699606e+03 8.577996492385864258e-01
4.823100011523400099e+03 8.055363297462463379e-01
4.823150011524099682e+03 7.759549617767333984e-01
4.823200011524800175e+03 6.718904376029968262e-01
4.823250011525499758e+03 4.811802208423614502e-01
4.823300011526200251e+03 3.386589288711547852e-01
4.823350011526899834e+03 4.167903959751129150e-01
4.823400011527600327e+03 6.458687186241149902e-01
4.823450011528299910e+03 8.275940418243408203e-01
4.823500011529000403e+03 9.170263409614562988e-01
4.823550011529699987e+03 9.482414722442626953e-01
4.823600011530399570e+03 9.557315111160278320e-01
4.823650011531100063e+03 9.486509561538696289e-01
4.823700011531799646e+03 9.441660642623901367e-01
4.823750011532500139e+03 9.535015821456909180e-01
4.823800011533199722e+03 9.188304543495178223e-01
4.823850011533900215e+03 7.673572897911071777e-01
4.823900011534599798e+03 5.987935662269592285e-01
4.823950011535300291e+03 5.513970255851745605e-01
4.824000011535999874e+03 6.852153539657592773e-01
4.824050011536700367e+03 8.570519089698791504e-01
4.824100011537399951e+03 9.518184661865234375e-01
4.824150011538100443e+03 9.804153442382812500e-01
4.824200011538800027e+03 9.740037322044372559e-01
4.824250011539499610e+03 9.638370275497436523e-01
4.824300011540200103e+03 9.592922925949096680e-01
4.824350011540899686e+03 9.711319208145141602e-01
4.824400011541600179e+03 9.775630235671997070e-01
4.824450011542299762e+03 9.870254397392272949e-01
4.824500011543000255e+03 9.852589368820190430e-01
4.824550011543699839e+03 9.866489171981811523e-01
4.824600011544400331e+03 9.807277321815490723e-01
4.824650011545099915e+03 9.698163270950317383e-01
4.824700011545799498e+03 9.607868790626525879e-01
4.824750011546499991e+03 9.510075449943542480e-01
4.824800011547199574e+03 9.572867751121520996e-01
4.824850011547900067e+03 9.759371280670166016e-01
4.824900011548599650e+03 9.795591831207275391e-01
4.824950011549300143e+03 9.898928999900817871e-01
4.825000011549999726e+03 9.778885245323181152e-01
4.825050011550700219e+03 9.386819601058959961e-01
4.825100011551399803e+03 8.716914057731628418e-01
4.825150011552100295e+03 8.218309283256530762e-01
4.825200011552799879e+03 8.213971257209777832e-01
4.825250011553500372e+03 8.408921957015991211e-01
4.825300011554199955e+03 8.684164285659790039e-01
4.825350011554899538e+03 9.111487269401550293e-01
4.825400011555600031e+03 9.426023960113525391e-01
4.825450011556299614e+03 9.495326876640319824e-01
4.825500011557000107e+03 9.494745731353759766e-01
4.825550011557699690e+03 9.578217864036560059e-01
4.825600011558400183e+03 9.766174554824829102e-01
4.825650011559099767e+03 9.914026856422424316e-01
4.825700011559800259e+03 9.930483698844909668e-01
4.825750011560499843e+03 9.999750852584838867e-01
4.825800011561200336e+03 9.913184642791748047e-01
4.825850011561899919e+03 9.918957948684692383e-01
4.825900011562600412e+03 9.951359629631042480e-01
4.825950011563299995e+03 1.000316619873046875e+00
4.826000011563999578e+03 9.942280054092407227e-01
4.826050011564700071e+03 9.942774772644042969e-01
4.826100011565399655e+03 9.808167219161987305e-01
4.826150011566100147e+03 9.759067296981811523e-01
4.826200011566799731e+03 9.756796956062316895e-01
4.826250011567500223e+03 9.786050915718078613e-01
4.826300011568199807e+03 9.842392802238464355e-01
4.826350011568900300e+03 9.841120839118957520e-01
4.826400011569599883e+03 9.894962906837463379e-01
4.826450011570299466e+03 9.874339103698730469e-01
4.826500011570999959e+03 9.718056917190551758e-01
4.826550011571700452e+03 9.478209018707275391e-01
4.826600011572400035e+03 9.240807294845581055e-01
4.826650011573099619e+03 9.111095070838928223e-01
4.826700011573800111e+03 9.302945137023925781e-01
4.826750011574499695e+03 9.436600208282470703e-01
4.826800011575200188e+03 9.583992362022399902e-01
4.826850011575899771e+03 9.705419540405273438e-01
4.826900011576600264e+03 9.826800823211669922e-01
4.826950011577299847e+03 9.773270487785339355e-01
4.827000011578000340e+03 9.869713783264160156e-01
4.827050011578699923e+03 9.846724867820739746e-01
4.827100011579399506e+03 9.751187562942504883e-01
4.827150011580099999e+03 9.615664482116699219e-01
4.827200011580799583e+03 9.259957671165466309e-01
4.827250011581500075e+03 9.054149985313415527e-01
4.827300011582199659e+03 9.032968878746032715e-01
4.827350011582900152e+03 8.923025131225585938e-01
4.827400011583599735e+03 8.595231175422668457e-01
4.827450011584300228e+03 8.855960965156555176e-01
4.827500011584999811e+03 9.388324618339538574e-01
4.827550011585700304e+03 9.706592559814453125e-01
4.827600011586399887e+03 9.785519242286682129e-01
4.827650011587100380e+03 9.818210601806640625e-01
4.827700011587799963e+03 9.816511273384094238e-01
4.827750011588499547e+03 9.833435416221618652e-01
4.827800011589200039e+03 9.750909805297851562e-01
4.827850011589899623e+03 9.781377315521240234e-01
4.827900011590600116e+03 9.854080677032470703e-01
4.827950011591299699e+03 9.846622347831726074e-01
4.828000011592000192e+03 9.765911102294921875e-01
4.828050011592699775e+03 9.712215065956115723e-01
4.828100011593400268e+03 9.728723764419555664e-01
4.828150011594099851e+03 9.720137715339660645e-01
4.828200011594800344e+03 9.816178083419799805e-01
4.828250011595499927e+03 9.933276176452636719e-01
4.828300011596200420e+03 9.813249111175537109e-01
4.828350011596900003e+03 9.779872298240661621e-01
4.828400011597599587e+03 9.647444486618041992e-01
4.828450011598300080e+03 9.526788592338562012e-01
4.828500011598999663e+03 9.468439221382141113e-01
4.828550011599700156e+03 9.443694949150085449e-01
4.828600011600399739e+03 9.608456492424011230e-01
4.828650011601100232e+03 9.529686570167541504e-01
4.828700011601799815e+03 8.806431889533996582e-01
4.828750011602500308e+03 7.356353998184204102e-01
4.828800011603199891e+03 5.674893260002136230e-01
4.828850011603899475e+03 5.731930732727050781e-01
4.828900011604599968e+03 7.459672689437866211e-01
4.828950011605300460e+03 8.820610046386718750e-01
4.829000011606000044e+03 9.146806597709655762e-01
4.829050011606699627e+03 8.469732403755187988e-01
4.829100011607400120e+03 7.231281399726867676e-01
4.829150011608099703e+03 6.280541419982910156e-01
4.829200011608800196e+03 6.607111096382141113e-01
4.829250011609499779e+03 8.176589608192443848e-01
4.829300011610200272e+03 9.194561839103698730e-01
4.829350011610899855e+03 9.541094303131103516e-01
4.829400011611600348e+03 9.686411023139953613e-01
4.829450011612299932e+03 9.698323607444763184e-01
4.829500011612999515e+03 9.693267345428466797e-01
4.829550011613700008e+03 9.769630432128906250e-01
4.829600011614399591e+03 9.892635345458984375e-01
4.829650011615100084e+03 9.864439964294433594e-01
4.829700011615799667e+03 9.867718219757080078e-01
4.829750011616500160e+03 9.833946228027343750e-01
4.829800011617199743e+03 9.860733747482299805e-01
4.829850011617900236e+03 9.872426390647888184e-01
4.829900011618599819e+03 9.922131896018981934e-01
4.829950011619300312e+03 9.856360554695129395e-01
4.830000011619999896e+03 9.862047433853149414e-01
4.830050011620700388e+03 9.822009801864624023e-01
4.830100011621399972e+03 9.753001928329467773e-01
4.830150011622099555e+03 9.774835705757141113e-01
4.830200011622800048e+03 9.885920882225036621e-01
4.830250011623499631e+03 9.866595864295959473e-01
4.830300011624200124e+03 9.841092824935913086e-01
4.830350011624899707e+03 9.891902208328247070e-01
4.830400011625600200e+03 9.887559413909912109e-01
4.830450011626299784e+03 9.883880019187927246e-01
4.830500011627000276e+03 9.972765445709228516e-01
4.830550011627699860e+03 9.948850870132446289e-01
4.830600011628400352e+03 9.852932691574096680e-01
4.830650011629099936e+03 9.891520738601684570e-01
4.830700011629800429e+03 9.934917688369750977e-01
4.830750011630500012e+03 9.960805177688598633e-01
4.830800011631199595e+03 9.644757509231567383e-01
4.830850011631900088e+03 9.068266749382019043e-01
4.830900011632599671e+03 7.718523740768432617e-01
4.830950011633300164e+03 6.022003293037414551e-01
4.831000011633999748e+03 6.066298484802246094e-01
4.831050011634700240e+03 7.491170763969421387e-01
4.831100011635399824e+03 8.524779081344604492e-01
4.831150011636100317e+03 8.711749315261840820e-01
4.831200011636799900e+03 8.726787567138671875e-01
4.831250011637499483e+03 9.064755439758300781e-01
4.831300011638199976e+03 9.433873891830444336e-01
4.831350011638900469e+03 9.450795650482177734e-01
4.831400011639600052e+03 8.966370224952697754e-01
4.831450011640299635e+03 8.648617863655090332e-01
4.831500011641000128e+03 8.942471146583557129e-01
4.831550011641699712e+03 9.331283569335937500e-01
4.831600011642400204e+03 9.506663084030151367e-01
4.831650011643099788e+03 9.620702266693115234e-01
4.831700011643800281e+03 9.587177038192749023e-01
4.831750011644499864e+03 9.469385743141174316e-01
4.831800011645200357e+03 9.317074418067932129e-01
4.831850011645899940e+03 9.300180673599243164e-01
4.831900011646599523e+03 9.396335482597351074e-01
4.831950011647300016e+03 9.573612213134765625e-01
4.832000011647999600e+03 9.560833573341369629e-01
4.832050011648700092e+03 9.541750550270080566e-01
4.832100011649399676e+03 9.487236738204956055e-01
4.832150011650100168e+03 9.304983615875244141e-01
4.832200011650799752e+03 8.956331014633178711e-01
4.832250011651500245e+03 9.000115394592285156e-01
4.832300011652199828e+03 9.370369911193847656e-01
4.832350011652900321e+03 9.064286351203918457e-01
4.832400011653599904e+03 8.355512022972106934e-01
4.832450011654300397e+03 7.204357981681823730e-01
4.832500011654999980e+03 6.159812211990356445e-01
4.832550011655699564e+03 6.563882231712341309e-01
4.832600011656400056e+03 8.183824419975280762e-01
4.832650011657099640e+03 9.260216355323791504e-01
4.832700011657800133e+03 9.764174222946166992e-01
4.832750011658499716e+03 9.827169179916381836e-01
4.832800011659200209e+03 9.891278147697448730e-01
4.832850011659899792e+03 9.732620716094970703e-01
4.832900011660600285e+03 9.493198990821838379e-01
4.832950011661299868e+03 9.193867444992065430e-01
4.833000011662000361e+03 9.185504317283630371e-01
4.833050011662699944e+03 9.412690401077270508e-01
4.833100011663400437e+03 9.615132808685302734e-01
4.833150011664100020e+03 9.724776744842529297e-01
4.833200011664799604e+03 9.753866791725158691e-01
4.833250011665500097e+03 9.762326478958129883e-01
4.833300011666199680e+03 9.749499559402465820e-01
4.833350011666900173e+03 9.856014847755432129e-01
4.833400011667599756e+03 9.840996861457824707e-01
4.833450011668300249e+03 9.667076468467712402e-01
4.833500011668999832e+03 9.645902514457702637e-01
4.833550011669700325e+03 9.439354538917541504e-01
4.833600011670399908e+03 9.196016192436218262e-01
4.833650011671099492e+03 9.068872332572937012e-01
4.833700011671799984e+03 9.134645462036132812e-01
4.833750011672500477e+03 9.268697500228881836e-01
4.833800011673200061e+03 9.296483993530273438e-01
4.833850011673899644e+03 9.388505816459655762e-01
4.833900011674600137e+03 9.415731430053710938e-01
4.833950011675299720e+03 9.418041110038757324e-01
4.834000011676000213e+03 9.602280855178833008e-01
4.834050011676699796e+03 9.663372039794921875e-01
4.834100011677400289e+03 9.696676135063171387e-01
4.834150011678099872e+03 9.648016691207885742e-01
4.834200011678800365e+03 9.293611049652099609e-01
4.834250011679499949e+03 8.466992974281311035e-01
4.834300011680199532e+03 7.731454968452453613e-01
4.834350011680900025e+03 7.820492982864379883e-01
4.834400011681599608e+03 8.542114496231079102e-01
4.834450011682300101e+03 9.190798997879028320e-01
4.834500011682999684e+03 9.618410468101501465e-01
4.834550011683700177e+03 9.764415621757507324e-01
4.834600011684399760e+03 9.787153005599975586e-01
4.834650011685100253e+03 9.940086007118225098e-01
4.834700011685799836e+03 9.873179197311401367e-01
4.834750011686500329e+03 9.911455512046813965e-01
4.834800011687199913e+03 9.914688467979431152e-01
4.834850011687900405e+03 9.957059621810913086e-01
4.834900011688599989e+03 9.918110370635986328e-01
4.834950011689299572e+03 9.852166771888732910e-01
4.835000011690000065e+03 9.793695807456970215e-01
4.835050011690699648e+03 9.686348438262939453e-01
4.835100011691400141e+03 9.648840427398681641e-01
4.835150011692099724e+03 9.835871458053588867e-01
4.835200011692800217e+03 9.986156225204467773e-01
4.835250011693499800e+03 9.997424483299255371e-01
4.835300011694200293e+03 9.797432422637939453e-01
4.835350011694899877e+03 9.920645356178283691e-01
4.835400011695599460e+03 9.772280454635620117e-01
4.835450011696299953e+03 9.901459217071533203e-01
4.835500011697000446e+03 9.798497557640075684e-01
4.835550011697700029e+03 9.248554706573486328e-01
4.835600011698399612e+03 8.072434663772583008e-01
4.835650011699100105e+03 7.090318799018859863e-01
4.835700011699799688e+03 7.290452122688293457e-01
4.835750011700500181e+03 8.343989849090576172e-01
4.835800011701199765e+03 9.173721075057983398e-01
4.835850011701900257e+03 9.395511150360107422e-01
4.835900011702599841e+03 9.124298095703125000e-01
4.835950011703300333e+03 8.586031794548034668e-01
4.836000011703999917e+03 7.912122011184692383e-01
4.836050011704699500e+03 7.816309332847595215e-01
4.836100011705399993e+03 8.443636298179626465e-01
4.836150011706099576e+03 9.147130250930786133e-01
4.836200011706800069e+03 9.365985393524169922e-01
4.836250011707499652e+03 9.495013356208801270e-01
4.836300011708200145e+03 9.449353814125061035e-01
4.836350011708899729e+03 9.576996564865112305e-01
4.836400011709600221e+03 9.693817496299743652e-01
4.836450011710299805e+03 9.729303717613220215e-01
4.836500011711000298e+03 9.734869003295898438e-01
4.836550011711699881e+03 9.550379514694213867e-01
4.836600011712400374e+03 9.140578508377075195e-01
4.836650011713099957e+03 8.833949565887451172e-01
4.836700011713799540e+03 9.001682996749877930e-01
4.836750011714500033e+03 9.423092603683471680e-01
4.836800011715199616e+03 9.762817025184631348e-01
4.836850011715900109e+03 9.825620055198669434e-01
4.836900011716599693e+03 9.837737679481506348e-01
4.836950011717300185e+03 9.848784208297729492e-01
4.837000011717999769e+03 9.890667796134948730e-01
4.837050011718700262e+03 9.949747920036315918e-01
4.837100011719399845e+03 9.980636239051818848e-01
4.837150011720100338e+03 9.881364107131958008e-01
4.837200011720799921e+03 9.797182083129882812e-01
4.837250011721500414e+03 9.793085455894470215e-01
4.837300011722199997e+03 9.823596477508544922e-01
4.837350011722899580e+03 9.837571978569030762e-01
4.837400011723600073e+03 9.733034968376159668e-01
4.837450011724299657e+03 9.653624892234802246e-01
4.837500011725000149e+03 9.703972935676574707e-01
4.837550011725699733e+03 9.798443913459777832e-01
4.837600011726400226e+03 9.658043980598449707e-01
4.837650011727099809e+03 9.763140678405761719e-01
4.837700011727800302e+03 9.737575650215148926e-01
4.837750011728499885e+03 9.673714041709899902e-01
4.837800011729199468e+03 9.535028934478759766e-01
4.837850011729899961e+03 9.229786992073059082e-01
4.837900011730600454e+03 9.078911542892456055e-01
4.837950011731300037e+03 9.258857965469360352e-01
4.838000011731999621e+03 9.507988095283508301e-01
4.838050011732700113e+03 9.617357850074768066e-01
4.838100011733399697e+03 9.686840772628784180e-01
4.838150011734100190e+03 9.577704668045043945e-01
4.838200011734799773e+03 8.891844749450683594e-01
4.838250011735500266e+03 7.682115435600280762e-01
4.838300011736199849e+03 6.333485245704650879e-01
4.838350011736900342e+03 6.065846681594848633e-01
4.838400011737599925e+03 6.355112791061401367e-01
4.838450011738299509e+03 6.722482442855834961e-01
4.838500011739000001e+03 7.914893031120300293e-01
4.838550011739699585e+03 9.088191986083984375e-01
4.838600011740400078e+03 9.611044526100158691e-01
4.838650011741099661e+03 9.717291593551635742e-01
4.838700011741800154e+03 9.786704182624816895e-01
4.838750011742499737e+03 9.794934391975402832e-01
4.838800011743200230e+03 9.754281640052795410e-01
4.838850011743899813e+03 9.728456139564514160e-01
4.838900011744600306e+03 9.679244756698608398e-01
4.838950011745299889e+03 9.691094160079956055e-01
4.839000011746000382e+03 9.754766821861267090e-01
4.839050011746699965e+03 9.748731851577758789e-01
4.839100011747399549e+03 9.722443819046020508e-01
4.839150011748100042e+03 9.664249420166015625e-01
4.839200011748799625e+03 9.406952857971191406e-01
4.839250011749500118e+03 8.552936911582946777e-01
4.839300011750199701e+03 6.852343082427978516e-01
4.839350011750900194e+03 5.940776467323303223e-01
4.839400011751599777e+03 7.139185070991516113e-01
4.839450011752300270e+03 8.676419854164123535e-01
4.839500011752999853e+03 9.261088371276855469e-01
4.839550011753700346e+03 9.201420545578002930e-01
4.839600011754399929e+03 9.018900990486145020e-01
4.839650011755100422e+03 8.868879675865173340e-01
4.839700011755800006e+03 8.901683092117309570e-01
4.839750011756499589e+03 9.015604853630065918e-01
4.839800011757200082e+03 9.125005602836608887e-01
4.839850011757899665e+03 9.321216344833374023e-01
4.839900011758600158e+03 9.281218647956848145e-01
4.839950011759299741e+03 8.597031235694885254e-01
4.840000011760000234e+03 7.248005867004394531e-01
4.840050011760699817e+03 5.788973569869995117e-01
4.840100011761400310e+03 5.363531112670898438e-01
4.840150011762099894e+03 6.409478783607482910e-01
4.840200011762799477e+03 8.152531385421752930e-01
4.840250011763499970e+03 9.324350357055664062e-01
4.840300011764200462e+03 9.690136909484863281e-01
4.840350011764900046e+03 9.780141115188598633e-01
4.840400011765599629e+03 1.015016436576843262e+00
4.840450011766300122e+03 9.724643230438232422e-01
4.840500011766999705e+03 9.581198096275329590e-01
4.840550011767700198e+03 9.149019718170166016e-01
4.840600011768399781e+03 7.777692675590515137e-01
4.840650011769100274e+03 6.196875572204589844e-01
4.840700011769799858e+03 6.233663558959960938e-01
4.840750011770500350e+03 7.781278491020202637e-01
4.840800011771199934e+03 9.115995764732360840e-01
4.840850011771899517e+03 9.578710794448852539e-01
4.840900011772600010e+03 9.650410413742065430e-01
4.840950011773299593e+03 9.733043313026428223e-01
4.841000011774000086e+03 9.794067740440368652e-01
4.841050011774699669e+03 9.823411107063293457e-01
4.841100011775400162e+03 9.862013459205627441e-01
4.841150011776099745e+03 9.839162230491638184e-01
4.841200011776800238e+03 9.788973927497863770e-01
4.841250011777499822e+03 9.623365998268127441e-01
4.841300011778200314e+03 9.575907588005065918e-01
4.841350011778899898e+03 9.548224210739135742e-01
4.841400011779600391e+03 9.427195787429809570e-01
4.841450011780299974e+03 9.074295163154602051e-01
4.841500011780999557e+03 8.535455465316772461e-01
4.841550011781700050e+03 8.097694516181945801e-01
4.841600011782399633e+03 8.055084347724914551e-01
4.841650011783100126e+03 8.755092620849609375e-01
4.841700011783799710e+03 9.273501634597778320e-01
4.841750011784500202e+03 9.410444498062133789e-01
4.841800011785199786e+03 9.384890794754028320e-01
4.841850011785900278e+03 9.485026001930236816e-01
4.841900011786599862e+03 9.593243598937988281e-01
4.841950011787300355e+03 9.641752243041992188e-01
4.842000011787999938e+03 9.649766683578491211e-01
4.842050011788700431e+03 9.672487378120422363e-01
4.842100011789400014e+03 9.739973545074462891e-01
4.842150011790099597e+03 9.834815263748168945e-01
4.842200011790800090e+03 9.878358244895935059e-01
4.842250011791499674e+03 9.876482486724853516e-01
4.842300011792200166e+03 9.870934486389160156e-01
4.842350011792899750e+03 9.768400788307189941e-01
4.842400011793600243e+03 9.572757482528686523e-01
4.842450011794299826e+03 9.192374944686889648e-01
4.842500011795000319e+03 8.288559913635253906e-01
4.842550011795699902e+03 7.217255830764770508e-01
4.842600011796399485e+03 7.094839215278625488e-01
4.842650011797099978e+03 8.173755407333374023e-01
4.842700011797800471e+03 9.178684353828430176e-01
4.842750011798500054e+03 9.431754350662231445e-01
4.842800011799199638e+03 9.338623285293579102e-01
4.842850011799900130e+03 8.175276517868041992e-01
4.842900011800599714e+03 6.407947540283203125e-01
4.842950011801300207e+03 5.637730360031127930e-01
4.843000011801999790e+03 6.779598593711853027e-01
4.843050011802700283e+03 8.436301946640014648e-01
4.843100011803399866e+03 9.089980721473693848e-01
4.843150011804100359e+03 8.977811932563781738e-01
4.843200011804799942e+03 8.802947402000427246e-01
4.843250011805499526e+03 8.544412851333618164e-01
4.843300011806200018e+03 8.395507335662841797e-01
4.843350011806899602e+03 8.708494305610656738e-01
4.843400011807600094e+03 9.245454668998718262e-01
4.843450011808299678e+03 9.519521594047546387e-01
4.843500011809000171e+03 9.611289501190185547e-01
4.843550011809699754e+03 9.765504598617553711e-01
4.843600011810400247e+03 9.818447828292846680e-01
4.843650011811099830e+03 9.677583575248718262e-01
4.843700011811800323e+03 9.257422685623168945e-01
4.843750011812499906e+03 8.187776207923889160e-01
4.843800011813200399e+03 7.076671123504638672e-01
4.843850011813899982e+03 7.304641604423522949e-01
4.843900011814599566e+03 8.436895012855529785e-01
4.843950011815300059e+03 9.186950325965881348e-01
4.844000011815999642e+03 9.378721117973327637e-01
4.844050011816700135e+03 9.208955168724060059e-01
4.844100011817399718e+03 8.990703821182250977e-01
4.844150011818100211e+03 9.207229018211364746e-01
4.844200011818799794e+03 9.349499344825744629e-01
4.844250011819500287e+03 9.199763536453247070e-01
4.844300011820199870e+03 8.871015906333923340e-01
4.844350011820900363e+03 9.158420562744140625e-01
4.844400011821599946e+03 9.650610685348510742e-01
4.844450011822300439e+03 9.913381934165954590e-01
4.844500011823000023e+03 9.892439246177673340e-01
4.844550011823699606e+03 9.957235455513000488e-01
4.844600011824400099e+03 9.918707609176635742e-01
4.844650011825099682e+03 9.897902607917785645e-01
4.844700011825800175e+03 9.899600744247436523e-01
4.844750011826499758e+03 9.826882481575012207e-01
4.844800011827200251e+03 9.832913279533386230e-01
4.844850011827899834e+03 9.778684377670288086e-01
4.844900011828600327e+03 9.670186638832092285e-01
4.844950011829299910e+03 9.606130719184875488e-01
4.845000011829999494e+03 9.590057730674743652e-01
4.845050011830699987e+03 9.637122750282287598e-01
4.845100011831400479e+03 9.583054184913635254e-01
4.845150011832100063e+03 9.666993021965026855e-01
4.845200011832799646e+03 9.745548367500305176e-01
4.845250011833500139e+03 9.755352139472961426e-01
4.845300011834199722e+03 9.608417749404907227e-01
4.845350011834900215e+03 8.965986967086791992e-01
4.845400011835599798e+03 7.899141311645507812e-01
4.845450011836300291e+03 7.307853698730468750e-01
4.845500011836999875e+03 7.883397936820983887e-01
4.845550011837700367e+03 8.865510821342468262e-01
4.845600011838399951e+03 9.462175965309143066e-01
4.845650011839099534e+03 9.720242023468017578e-01
4.845700011839800027e+03 9.786313772201538086e-01
4.845750011840499610e+03 9.806308150291442871e-01
4.845800011841200103e+03 9.831358790397644043e-01
4.845850011841899686e+03 9.823876619338989258e-01
4.845900011842600179e+03 9.734603762626647949e-01
4.845950011843299762e+03 9.681835174560546875e-01
4.846000011844000255e+03 9.646503329277038574e-01
4.846050011844699839e+03 9.478564858436584473e-01
4.846100011845400331e+03 9.107234477996826172e-01
4.846150011846099915e+03 8.965701460838317871e-01
4.846200011846800408e+03 9.010471701622009277e-01
4.846250011847499991e+03 9.243164062500000000e-01
4.846300011848199574e+03 9.491909146308898926e-01
4.846350011848900067e+03 9.664975404739379883e-01
4.846400011849599650e+03 9.726784229278564453e-01
4.846450011850300143e+03 9.696704149246215820e-01
4.846500011850999726e+03 9.510275721549987793e-01
4.846550011851700219e+03 9.648793935775756836e-01
4.846600011852399803e+03 9.681800007820129395e-01
4.846650011853100295e+03 9.759934544563293457e-01
4.846700011853799879e+03 9.799762964248657227e-01
4.846750011854499462e+03 9.822768568992614746e-01
4.846800011855199955e+03 9.842968583106994629e-01
4.846850011855900448e+03 9.770908951759338379e-01
4.846900011856600031e+03 9.757756590843200684e-01
4.846950011857299614e+03 9.602248668670654297e-01
4.847000011858000107e+03 9.178993701934814453e-01
4.847050011858699690e+03 8.576736450195312500e-01
4.847100011859400183e+03 7.957832813262939453e-01
4.847150011860099767e+03 8.257284760475158691e-01
4.847200011860800259e+03 8.936444520950317383e-01
4.847250011861499843e+03 9.358233809471130371e-01
4.847300011862200336e+03 9.508537650108337402e-01
4.847350011862899919e+03 9.514833688735961914e-01
4.847400011863599502e+03 9.482859969139099121e-01
4.847450011864299995e+03 9.340075850486755371e-01
4.847500011864999578e+03 9.327697157859802246e-01
4.847550011865700071e+03 9.392135739326477051e-01
4.847600011866399655e+03 9.538867473602294922e-01
4.847650011867100147e+03 9.653944969177246094e-01
4.847700011867799731e+03 9.777814149856567383e-01
4.847750011868500223e+03 9.686159491539001465e-01
4.847800011869199807e+03 9.549683332443237305e-01
4.847850011869900300e+03 9.551853537559509277e-01
4.847900011870599883e+03 9.406539797782897949e-01
4.847950011871300376e+03 8.434882760047912598e-01
4.848000011871999959e+03 6.926294565200805664e-01
4.848050011872699542e+03 6.276093721389770508e-01
4.848100011873400035e+03 7.086738348007202148e-01
4.848150011874099619e+03 8.253391385078430176e-01
4.848200011874800111e+03 8.679604530334472656e-01
4.848250011875499695e+03 8.737819790840148926e-01
4.848300011876200188e+03 8.932169079780578613e-01
4.848350011876899771e+03 9.275324344635009766e-01
4.848400011877600264e+03 9.460610151290893555e-01
4.848450011878299847e+03 9.566818475723266602e-01
4.848500011879000340e+03 9.587946534156799316e-01
4.848550011879699923e+03 9.296815395355224609e-01
4.848600011880400416e+03 8.491741418838500977e-01
4.848650011881099999e+03 7.500732541084289551e-01
4.848700011881799583e+03 7.355527877807617188e-01
4.848750011882500075e+03 8.216745853424072266e-01
4.848800011883199659e+03 8.911399841308593750e-01
4.848850011883900152e+03 8.818207979202270508e-01
4.848900011884599735e+03 8.127916455268859863e-01
4.848950011885300228e+03 7.571355700492858887e-01
4.849000011885999811e+03 7.806513905525207520e-01
4.849050011886700304e+03 8.572454452514648438e-01
4.849100011887399887e+03 9.053765535354614258e-01
4.849150011888099471e+03 9.161026477813720703e-01
4.849200011888799963e+03 9.113329648971557617e-01
4.849250011889500456e+03 8.963483572006225586e-01
4.849300011890200039e+03 8.889857530593872070e-01
4.849350011890899623e+03 8.815664649009704590e-01
4.849400011891600116e+03 8.661881685256958008e-01
4.849450011892299699e+03 8.551404476165771484e-01
4.849500011893000192e+03 8.680189847946166992e-01
4.849550011893699775e+03 9.028332233428955078e-01
4.849600011894400268e+03 9.242203235626220703e-01
4.849650011895099851e+03 9.275407791137695312e-01
4.849700011895800344e+03 9.472455382347106934e-01
4.849750011896499927e+03 9.528824090957641602e-01
4.849800011897199511e+03 9.591503143310546875e-01
4.849850011897900004e+03 9.613733291625976562e-01
4.849900011898599587e+03 9.592529535293579102e-01
4.849950011899300080e+03 9.581581950187683105e-01
4.850000011899999663e+03 9.496797323226928711e-01
4.850050011900700156e+03 9.631631970405578613e-01
4.850100011901399739e+03 9.662852287292480469e-01
4.850150011902100232e+03 9.640726447105407715e-01
4.850200011902799815e+03 9.369663000106811523e-01
4.850250011903500308e+03 9.569046497344970703e-01
4.850300011904199891e+03 9.731407761573791504e-01
4.850350011904900384e+03 9.733951091766357422e-01
4.850400011905599968e+03 9.671304821968078613e-01
4.850450011906299551e+03 9.623714685440063477e-01
4.850500011907000044e+03 9.590368270874023438e-01
4.850550011907699627e+03 9.577386975288391113e-01
4.850600011908400120e+03 9.548701047897338867e-01
4.850650011909099703e+03 9.550112485885620117e-01
4.850700011909800196e+03 9.476324319839477539e-01
4.850750011910499779e+03 9.581496715545654297e-01
4.850800011911200272e+03 9.624245762825012207e-01
4.850850011911899855e+03 9.564566016197204590e-01
4.850900011912600348e+03 9.682020545005798340e-01
4.850950011913299932e+03 9.642661809921264648e-01
4.851000011914000424e+03 9.661803245544433594e-01
4.851050011914700008e+03 9.579557180404663086e-01
4.851100011915399591e+03 9.450592994689941406e-01
4.851150011916100084e+03 9.275637269020080566e-01
4.851200011916799667e+03 8.746827244758605957e-01
4.851250011917500160e+03 7.887668013572692871e-01
4.851300011918199743e+03 7.448251247406005859e-01
4.851350011918900236e+03 8.160956501960754395e-01
4.851400011919599820e+03 8.813190460205078125e-01
4.851450011920300312e+03 9.309937357902526855e-01
4.851500011920999896e+03 9.478818178176879883e-01
4.851550011921699479e+03 9.414086341857910156e-01
4.851600011922399972e+03 9.132668375968933105e-01
4.851650011923100465e+03 8.878062367439270020e-01
4.851700011923800048e+03 8.877736926078796387e-01
4.851750011924499631e+03 8.923832774162292480e-01
4.851800011925200124e+03 8.660477399826049805e-01
4.851850011925899707e+03 8.845551609992980957e-01
4.851900011926600200e+03 9.227374196052551270e-01
4.851950011927299784e+03 9.524120688438415527e-01
4.852000011928000276e+03 9.479243755340576172e-01
4.852050011928699860e+03 9.430876374244689941e-01
4.852100011929400353e+03 9.529282450675964355e-01
4.852150011930099936e+03 9.512557983398437500e-01
4.852200011930799519e+03 9.367318153381347656e-01
4.852250011931500012e+03 8.764957189559936523e-01
4.852300011932199595e+03 7.706920504570007324e-01
4.852350011932900088e+03 6.972442269325256348e-01
4.852400011933599671e+03 7.508537173271179199e-01
4.852450011934300164e+03 8.691142797470092773e-01
4.852500011934999748e+03 9.322075843811035156e-01
4.852550011935700240e+03 9.524544477462768555e-01
4.852600011936399824e+03 9.565985202789306641e-01
4.852650011937100317e+03 9.540441632270812988e-01
4.852700011937799900e+03 9.520691037178039551e-01
4.852750011938500393e+03 9.363597631454467773e-01
4.852800011939199976e+03 9.287843108177185059e-01
4.852850011939899559e+03 9.193117022514343262e-01
4.852900011940600052e+03 9.259243607521057129e-01
4.852950011941299636e+03 9.313775897026062012e-01
4.853000011942000128e+03 9.190256595611572266e-01
4.853050011942699712e+03 8.966177105903625488e-01
4.853100011943400204e+03 8.918946385383605957e-01
4.853150011944099788e+03 9.089069366455078125e-01
4.853200011944800281e+03 9.228505492210388184e-01
4.853250011945499864e+03 9.294567108154296875e-01
4.853300011946200357e+03 9.328593015670776367e-01
4.853350011946899940e+03 9.328865408897399902e-01
4.853400011947600433e+03 9.306181669235229492e-01
4.853450011948300016e+03 9.177740216255187988e-01
4.853500011948999600e+03 8.800894021987915039e-01
4.853550011949700092e+03 8.261578679084777832e-01
4.853600011950399676e+03 8.151997327804565430e-01
4.853650011951100169e+03 8.418735861778259277e-01
4.853700011951799752e+03 8.690764307975769043e-01
4.853750011952500245e+03 8.924003839492797852e-01
4.853800011953199828e+03 9.165882468223571777e-01
4.853850011953900321e+03 9.167214632034301758e-01
4.853900011954599904e+03 9.197452068328857422e-01
4.853950011955299487e+03 9.215119481086730957e-01
4.854000011955999980e+03 9.085505604743957520e-01
4.854050011956700473e+03 9.072199463844299316e-01
4.854100011957400056e+03 9.260487556457519531e-01
4.854150011958099640e+03 9.171616435050964355e-01
4.854200011958800133e+03 9.203609824180603027e-01
4.854250011959499716e+03 9.163469672203063965e-01
4.854300011960200209e+03 9.135418534278869629e-01
4.854350011960899792e+03 9.088165760040283203e-01
4.854400011961600285e+03 9.032709002494812012e-01
4.854450011962299868e+03 8.944522738456726074e-01
4.854500011963000361e+03 8.841539621353149414e-01
4.854550011963699944e+03 8.440270423889160156e-01
4.854600011964399528e+03 7.406217455863952637e-01
4.854650011965100020e+03 6.474195718765258789e-01
4.854700011965799604e+03 6.732231974601745605e-01
4.854750011966500097e+03 7.907264828681945801e-01
4.854800011967199680e+03 8.801525831222534180e-01
4.854850011967900173e+03 9.044588804244995117e-01
4.854900011968599756e+03 8.905676603317260742e-01
4.854950011969300249e+03 8.712779879570007324e-01
4.855000011969999832e+03 8.732866644859313965e-01
4.855050011970700325e+03 8.568766117095947266e-01
4.855100011971399908e+03 7.819245457649230957e-01
4.855150011972100401e+03 6.187480688095092773e-01
4.855200011972799985e+03 4.857172667980194092e-01
4.855250011973499568e+03 5.298717617988586426e-01
4.855300011974200061e+03 6.666253805160522461e-01
4.855350011974899644e+03 7.357618808746337891e-01
4.855400011975600137e+03 6.686757802963256836e-01
4.855450011976299720e+03 5.577199459075927734e-01
4.855500011977000213e+03 5.772429704666137695e-01
4.855550011977699796e+03 7.308198213577270508e-01
4.855600011978400289e+03 8.284478187561035156e-01
4.855650011979099872e+03 8.190779685974121094e-01
4.855700011979800365e+03 7.597533464431762695e-01
4.855750011980499949e+03 6.978536844253540039e-01
4.855800011981200441e+03 6.504618525505065918e-01
4.855850011981900025e+03 6.933491826057434082e-01
4.855900011982599608e+03 7.612861394882202148e-01
4.855950011983300101e+03 7.829893827438354492e-01
4.856000011983999684e+03 7.918719649314880371e-01
4.856050011984700177e+03 8.219946026802062988e-01
4.856100011985399760e+03 8.593901395797729492e-01
4.856150011986100253e+03 8.874444961547851562e-01
4.856200011986799836e+03 8.890945315361022949e-01
4.856250011987500329e+03 8.898997902870178223e-01
4.856300011988199913e+03 8.930603861808776855e-01
4.856350011988899496e+03 8.998793959617614746e-01
4.856400011989599989e+03 8.992347121238708496e-01
4.856450011990299572e+03 8.949930071830749512e-01
4.856500011991000065e+03 8.868157863616943359e-01
4.856550011991699648e+03 8.936872482299804688e-01
4.856600011992400141e+03 8.979063034057617188e-01
4.856650011993099724e+03 8.794683814048767090e-01
4.856700011993800217e+03 8.805906176567077637e-01
4.856750011994499800e+03 8.706803321838378906e-01
4.856800011995200293e+03 8.758684396743774414e-01
4.856850011995899877e+03 8.737259507179260254e-01
4.856900011996600369e+03 8.691631555557250977e-01
4.856950011997299953e+03 8.716505169868469238e-01
4.857000011997999536e+03 8.654523491859436035e-01
4.857050011998700029e+03 8.454106450080871582e-01
4.857100011999399612e+03 7.761521935462951660e-01
4.857150012000100105e+03 6.687544584274291992e-01
4.857200012000799688e+03 6.338105201721191406e-01
4.857250012001500181e+03 7.166133522987365723e-01
4.857300012002199765e+03 8.099066019058227539e-01
4.857350012002900257e+03 8.551774621009826660e-01
4.857400012003599841e+03 8.728243708610534668e-01
4.857450012004300334e+03 8.768239617347717285e-01
4.857500012004999917e+03 8.757069110870361328e-01
4.857550012005700410e+03 8.639720678329467773e-01
4.857600012006399993e+03 8.824665546417236328e-01
4.857650012007099576e+03 8.748434185981750488e-01
4.857700012007800069e+03 8.643375039100646973e-01
4.857750012008499652e+03 8.712751269340515137e-01
4.857800012009200145e+03 8.573324084281921387e-01
4.857850012009899729e+03 8.408584594726562500e-01
4.857900012010600221e+03 8.141464591026306152e-01
4.857950012011299805e+03 7.865949869155883789e-01
4.858000012012000298e+03 7.691129446029663086e-01
4.858050012012699881e+03 7.644259333610534668e-01
4.858100012013399464e+03 7.743336558341979980e-01
4.858150012014099957e+03 8.026462197303771973e-01
4.858200012014800450e+03 8.366433978080749512e-01
4.858250012015500033e+03 8.501200079917907715e-01
4.858300012016199616e+03 8.412313461303710938e-01
4.858350012016900109e+03 8.439749479293823242e-01
4.858400012017599693e+03 8.459079861640930176e-01
4.858450012018300185e+03 8.384659886360168457e-01
4.858500012018999769e+03 8.430854082107543945e-01
4.858550012019700262e+03 8.434406518936157227e-01
4.858600012020399845e+03 8.330155611038208008e-01
4.858650012021100338e+03 8.348394036293029785e-01
4.858700012021799921e+03 8.291140198707580566e-01
4.858750012022499504e+03 8.056924343109130859e-01
4.858800012023199997e+03 7.614580392837524414e-01
4.858850012023899581e+03 7.038820981979370117e-01
4.858900012024600073e+03 6.626237630844116211e-01
4.858950012025299657e+03 6.787405014038085938e-01
4.859000012026000149e+03 7.503744959831237793e-01
4.859050012026699733e+03 7.842794060707092285e-01
4.859100012027400226e+03 7.851149439811706543e-01
4.859150012028099809e+03 7.851218581199645996e-01
4.859200012028800302e+03 7.798001766204833984e-01
4.859250012029499885e+03 7.756575942039489746e-01
4.859300012030200378e+03 7.703694105148315430e-01
4.859350012030899961e+03 7.324556708335876465e-01
4.859400012031599545e+03 6.691653132438659668e-01
4.859450012032300037e+03 5.423650145530700684e-01
4.859500012032999621e+03 3.873544633388519287e-01
4.859550012033700114e+03 3.345544040203094482e-01
4.859600012034399697e+03 4.298897087574005127e-01
4.859650012035100190e+03 5.714519619941711426e-01
4.859700012035799773e+03 6.652504801750183105e-01
4.859750012036500266e+03 7.093296051025390625e-01
4.859800012037199849e+03 7.274933457374572754e-01
4.859850012037900342e+03 7.262430191040039062e-01
4.859900012038599925e+03 7.195011377334594727e-01
4.859950012039300418e+03 6.938790678977966309e-01
4.860000012040000001e+03 6.658917069435119629e-01
4.860050012040699585e+03 6.616086959838867188e-01
4.860100012041400078e+03 6.841355562210083008e-01
4.860150012042099661e+03 6.935347318649291992e-01
4.860200012042800154e+03 6.919838190078735352e-01
4.860250012043499737e+03 6.828137040138244629e-01
4.860300012044200230e+03 6.761501431465148926e-01
4.860350012044899813e+03 6.680519580841064453e-01
4.860400012045600306e+03 6.551528573036193848e-01
4.860450012046299889e+03 6.432070732116699219e-01
4.860500012046999473e+03 6.270194053649902344e-01
4.860550012047699965e+03 6.097562909126281738e-01
4.860600012048400458e+03 5.805519819259643555e-01
4.860650012049100042e+03 5.425843000411987305e-01
4.860700012049799625e+03 4.939099252223968506e-01
4.860750012050500118e+03 4.352763295173645020e-01
4.860800012051199701e+03 3.756794631481170654e-01
4.860850012051900194e+03 3.247828781604766846e-01
4.860900012052599777e+03 2.776209414005279541e-01
4.860950012053300270e+03 2.353007346391677856e-01
4.861000012053999853e+03 2.071580290794372559e-01
4.861050012054700346e+03 1.915617436170578003e-01
4.861100012055399930e+03 1.835717260837554932e-01
4.861150012056099513e+03 1.811359673738479614e-01
4.861200012056800006e+03 1.858197897672653198e-01
4.861250012057499589e+03 2.031636983156204224e-01
4.861300012058200082e+03 2.333202362060546875e-01
4.861350012058899665e+03 2.745708823204040527e-01
4.861400012059600158e+03 3.294566869735717773e-01
4.861450012060299741e+03 3.886546492576599121e-01
4.861500012061000234e+03 4.441457986831665039e-01
4.861550012061699817e+03 4.747426211833953857e-01
4.861600012062400310e+03 4.735123813152313232e-01
4.861650012063099894e+03 4.731281995773315430e-01
4.861700012063800386e+03 5.019327998161315918e-01
4.861750012064499970e+03 5.457305908203125000e-01
4.861800012065199553e+03 5.855431556701660156e-01
4.861850012065900046e+03 6.324514150619506836e-01
4.861900012066599629e+03 6.522752046585083008e-01
4.861950012067300122e+03 6.672992110252380371e-01
4.862000012067999705e+03 6.811785101890563965e-01
4.862050012068700198e+03 6.925718188285827637e-01
4.862100012069399781e+03 7.095512151718139648e-01
4.862150012070100274e+03 7.130179405212402344e-01
4.862200012070799858e+03 7.155193686485290527e-01
4.862250012071500350e+03 7.062616348266601562e-01
4.862300012072199934e+03 6.836735606193542480e-01
4.862350012072900427e+03 6.360214352607727051e-01
4.862400012073600010e+03 6.278023719787597656e-01
4.862450012074299593e+03 6.826381683349609375e-01
4.862500012075000086e+03 7.323586940765380859e-01
4.862550012075699669e+03 7.632775902748107910e-01
4.862600012076400162e+03 7.790954709053039551e-01
4.862650012077099746e+03 7.817752361297607422e-01
4.862700012077800238e+03 7.783154845237731934e-01
4.862750012078499822e+03 7.899479269981384277e-01
4.862800012079200314e+03 7.855038046836853027e-01
4.862850012079899898e+03 7.903748750686645508e-01
4.862900012080599481e+03 7.866984009742736816e-01
4.862950012081299974e+03 7.896444797515869141e-01
4.863000012082000467e+03 7.980458140373229980e-01
4.863050012082700050e+03 7.998183965682983398e-01
4.863100012083399633e+03 8.047465682029724121e-01
4.863150012084100126e+03 8.109331727027893066e-01
4.863200012084799710e+03 8.149433732032775879e-01
4.863250012085500202e+03 8.129227161407470703e-01
4.863300012086199786e+03 7.981989383697509766e-01
4.863350012086900279e+03 7.234887480735778809e-01
4.863400012087599862e+03 5.919140577316284180e-01
4.863450012088300355e+03 5.324382781982421875e-01
4.863500012088999938e+03 6.013323068618774414e-01
4.863550012089699521e+03 7.147989273071289062e-01
4.863600012090400014e+03 7.634479999542236328e-01
4.863650012091099597e+03 7.503625750541687012e-01
4.863700012091800090e+03 7.095186114311218262e-01
4.863750012092499674e+03 7.103478908538818359e-01
4.863800012093200166e+03 7.701961398124694824e-01
4.863850012093899750e+03 8.214656710624694824e-01
4.863900012094600243e+03 8.240671157836914062e-01
4.863950012095299826e+03 8.067933917045593262e-01
4.864000012096000319e+03 7.555863857269287109e-01
4.864050012096699902e+03 6.644529104232788086e-01
4.864100012097400395e+03 5.758270621299743652e-01
4.864150012098099978e+03 6.152365207672119141e-01
4.864200012098799561e+03 7.297856211662292480e-01
4.864250012099500054e+03 8.164976835250854492e-01
4.864300012100199638e+03 8.558605909347534180e-01
4.864350012100900130e+03 8.686763048171997070e-01
4.864400012101599714e+03 8.544577360153198242e-01
4.864450012102300207e+03 7.922397851943969727e-01
4.864500012102999790e+03 7.231388092041015625e-01
4.864550012103700283e+03 7.026823759078979492e-01
4.864600012104399866e+03 7.654006481170654297e-01
4.864650012105100359e+03 8.391190171241760254e-01
4.864700012105799942e+03 8.667870163917541504e-01
4.864750012106500435e+03 8.760244846343994141e-01
4.864800012107200018e+03 8.753530979156494141e-01
4.864850012107899602e+03 8.784826993942260742e-01
4.864900012108600095e+03 8.809113502502441406e-01
4.864950012109299678e+03 8.805677890777587891e-01
4.865000012110000171e+03 8.751876950263977051e-01
4.865050012110699754e+03 8.843663334846496582e-01
4.865100012111400247e+03 8.767248392105102539e-01
4.865150012112099830e+03 8.750113248825073242e-01
4.865200012112800323e+03 8.798239231109619141e-01
4.865250012113499906e+03 8.668323159217834473e-01
4.865300012114199490e+03 8.260066509246826172e-01
4.865350012114899982e+03 7.419347763061523438e-01
4.865400012115600475e+03 6.732771992683410645e-01
4.865450012116300059e+03 7.138808965682983398e-01
4.865500012116999642e+03 8.024134635925292969e-01
4.865550012117700135e+03 8.678030371665954590e-01
4.865600012118399718e+03 8.870238661766052246e-01
4.865650012119100211e+03 8.901149630546569824e-01
4.865700012119799794e+03 8.959589004516601562e-01
4.865750012120500287e+03 8.954563140869140625e-01
4.865800012121199870e+03 8.893802762031555176e-01
4.865850012121900363e+03 8.863018155097961426e-01
4.865900012122599946e+03 8.647189736366271973e-01
4.865950012123299530e+03 8.029454946517944336e-01
4.866000012124000023e+03 6.684599518775939941e-01
4.866050012124699606e+03 5.472290515899658203e-01
4.866100012125400099e+03 5.627794861793518066e-01
4.866150012126099682e+03 7.018816471099853516e-01
4.866200012126800175e+03 8.363731503486633301e-01
4.866250012127499758e+03 8.860025405883789062e-01
4.866300012128200251e+03 8.909496068954467773e-01
4.866350012128899834e+03 8.967841863632202148e-01
4.866400012129600327e+03 8.901945948600769043e-01
4.866450012130299910e+03 8.883009552955627441e-01
4.866500012131000403e+03 8.852660059928894043e-01
4.866550012131699987e+03 8.970301151275634766e-01
4.866600012132399570e+03 8.971902132034301758e-01
4.866650012133100063e+03 8.979424834251403809e-01
4.866700012133799646e+03 8.962750434875488281e-01
4.866750012134500139e+03 9.046034216880798340e-01
4.866800012135199722e+03 9.181917905807495117e-01
4.866850012135900215e+03 9.128320813179016113e-01
4.866900012136599798e+03 9.241031408309936523e-01
4.866950012137300291e+03 9.199059605598449707e-01
4.867000012137999875e+03 9.226120710372924805e-01
4.867050012138700367e+03 9.310979247093200684e-01
4.867100012139399951e+03 9.264454245567321777e-01
4.867150012140100444e+03 9.238506555557250977e-01
4.867200012140800027e+03 9.110616445541381836e-01
4.867250012141499610e+03 8.929963707923889160e-01
4.867300012142200103e+03 8.609497547149658203e-01
4.867350012142899686e+03 8.528717160224914551e-01
4.867400012143600179e+03 8.814550638198852539e-01
4.867450012144299762e+03 8.938382863998413086e-01
4.867500012145000255e+03 8.892649412155151367e-01
4.867550012145699839e+03 8.350269794464111328e-01
4.867600012146400331e+03 7.318322658538818359e-01
4.867650012147099915e+03 6.282261610031127930e-01
4.867700012147799498e+03 6.544930338859558105e-01
4.867750012148499991e+03 7.885319590568542480e-01
4.867800012149199574e+03 8.782252073287963867e-01
4.867850012149900067e+03 8.974422216415405273e-01
4.867900012150599650e+03 8.945125937461853027e-01
4.867950012151300143e+03 8.686721920967102051e-01
4.868000012151999726e+03 8.055782914161682129e-01
4.868050012152700219e+03 7.365744709968566895e-01
4.868100012153399803e+03 7.266730666160583496e-01
4.868150012154100295e+03 7.449036836624145508e-01
4.868200012154799879e+03 7.465673089027404785e-01
4.868250012155500372e+03 7.916141748428344727e-01
4.868300012156199955e+03 8.681955337524414062e-01
4.868350012156899538e+03 9.169411659240722656e-01
4.868400012157600031e+03 9.299373626708984375e-01
4.868450012158299614e+03 9.353172183036804199e-01
4.868500012159000107e+03 9.297875165939331055e-01
4.868550012159699691e+03 9.189193844795227051e-01
4.868600012160400183e+03 9.164168238639831543e-01
4.868650012161099767e+03 9.143411517143249512e-01
4.868700012161800259e+03 9.156849980354309082e-01
4.868750012162499843e+03 9.175788760185241699e-01
4.868800012163200336e+03 9.278354048728942871e-01
4.868850012163899919e+03 9.398398995399475098e-01
4.868900012164600412e+03 9.346654415130615234e-01
4.868950012165299995e+03 9.278172850608825684e-01
4.869000012165999578e+03 9.294226765632629395e-01
4.869050012166700071e+03 9.414229989051818848e-01
4.869100012167399655e+03 9.378737807273864746e-01
4.869150012168100147e+03 9.092394113540649414e-01
4.869200012168799731e+03 8.507027626037597656e-01
4.869250012169500224e+03 8.004307150840759277e-01
4.869300012170199807e+03 8.255433440208435059e-01
4.869350012170900300e+03 8.767370581626892090e-01
4.869400012171599883e+03 9.262171983718872070e-01
4.869450012172299466e+03 9.397351145744323730e-01
4.869500012172999959e+03 9.499605894088745117e-01
4.869550012173700452e+03 9.494466781616210938e-01
4.869600012174400035e+03 9.526106715202331543e-01
4.869650012175099619e+03 9.488862752914428711e-01
4.869700012175800111e+03 9.388255476951599121e-01
4.869750012176499695e+03 9.044108986854553223e-01
4.869800012177200188e+03 8.235301375389099121e-01
4.869850012177899771e+03 7.379966378211975098e-01
4.869900012178600264e+03 6.851576566696166992e-01
4.869950012179299847e+03 7.230944633483886719e-01
4.870000012180000340e+03 8.233969807624816895e-01
4.870050012180699923e+03 9.129035472869873047e-01
4.870100012181399507e+03 9.381670355796813965e-01
4.870150012182099999e+03 9.361675381660461426e-01
4.870200012182799583e+03 9.280254840850830078e-01
4.870250012183500075e+03 9.308589100837707520e-01
4.870300012184199659e+03 9.294249415397644043e-01
4.870350012184900152e+03 9.209570884704589844e-01
4.870400012185599735e+03 9.227625727653503418e-01
4.870450012186300228e+03 9.258659482002258301e-01
4.870500012186999811e+03 8.471409082412719727e-01
4.870550012187700304e+03 6.829780936241149902e-01
4.870600012188399887e+03 5.581312775611877441e-01
4.870650012189100380e+03 5.800887942314147949e-01
4.870700012189799963e+03 6.983897089958190918e-01
4.870750012190499547e+03 8.149963617324829102e-01
4.870800012191200040e+03 8.294681310653686523e-01
4.870850012191899623e+03 8.032240867614746094e-01
4.870900012192600116e+03 7.643507122993469238e-01
4.870950012193299699e+03 6.836587786674499512e-01
4.871000012194000192e+03 5.486595034599304199e-01
4.871050012194699775e+03 3.944303691387176514e-01
4.871100012195400268e+03 2.848510146141052246e-01
4.871150012196099851e+03 2.937390506267547607e-01
4.871200012196800344e+03 4.297339618206024170e-01
4.871250012197499927e+03 5.967258214950561523e-01
4.871300012198200420e+03 7.095760703086853027e-01
4.871350012198900004e+03 7.825261950492858887e-01
4.871400012199599587e+03 8.145747184753417969e-01
4.871450012200300080e+03 8.307498097419738770e-01
4.871500012200999663e+03 8.403043746948242188e-01
4.871550012201700156e+03 8.435290455818176270e-01
4.871600012202399739e+03 8.275517821311950684e-01
4.871650012203100232e+03 7.512431740760803223e-01
4.871700012203799815e+03 6.406790614128112793e-01
4.871750012204500308e+03 5.758470296859741211e-01
4.871800012205199891e+03 5.582517385482788086e-01
4.871850012205899475e+03 4.910326004028320312e-01
4.871900012206599968e+03 3.382915556430816650e-01
4.871950012207300460e+03 2.860196530818939209e-01
4.872000012208000044e+03 4.247412979602813721e-01
4.872050012208699627e+03 6.008508205413818359e-01
4.872100012209400120e+03 7.484761476516723633e-01
4.872150012210099703e+03 8.323398828506469727e-01
4.872200012210800196e+03 8.707929253578186035e-01
4.872250012211499779e+03 8.863823413848876953e-01
4.872300012212200272e+03 9.012663960456848145e-01
4.872350012212899856e+03 9.170849919319152832e-01
4.872400012213600348e+03 9.114830493927001953e-01
4.872450012214299932e+03 9.122762084007263184e-01
4.872500012214999515e+03 9.048800468444824219e-01
4.872550012215700008e+03 9.396200776100158691e-01
4.872600012216399591e+03 9.230260252952575684e-01
4.872650012217100084e+03 9.112383127212524414e-01
4.872700012217799667e+03 8.937004804611206055e-01
4.872750012218500160e+03 9.015263915061950684e-01
4.872800012219199743e+03 9.250974655151367188e-01
4.872850012219900236e+03 9.451180100440979004e-01
4.872900012220599820e+03 9.437186717987060547e-01
4.872950012221300312e+03 9.031099677085876465e-01
4.873000012221999896e+03 8.374872207641601562e-01
4.873050012222700389e+03 7.962842583656311035e-01
4.873100012223399972e+03 8.157392144203186035e-01
4.873150012224099555e+03 7.920287251472473145e-01
4.873200012224800048e+03 6.571627259254455566e-01
4.873250012225499631e+03 6.196368932723999023e-01
4.873300012226200124e+03 7.317398190498352051e-01
4.873350012226899707e+03 8.607936501502990723e-01
4.873400012227600200e+03 9.305058121681213379e-01
4.873450012228299784e+03 9.350045919418334961e-01
4.873500012229000276e+03 9.044665098190307617e-01
4.873550012229699860e+03 8.846945166587829590e-01
4.873600012230400353e+03 8.985673189163208008e-01
4.873650012231099936e+03 9.361539483070373535e-01
4.873700012231800429e+03 9.097788929939270020e-01
4.873750012232500012e+03 8.112243413925170898e-01
4.873800012233199595e+03 7.340962290763854980e-01
4.873850012233900088e+03 7.855946421623229980e-01
4.873900012234599672e+03 8.877149820327758789e-01
4.873950012235300164e+03 9.419841170310974121e-01
4.874000012235999748e+03 9.570683240890502930e-01
4.874050012236700240e+03 9.344758987426757812e-01
4.874100012237399824e+03 8.717847466468811035e-01
4.874150012238100317e+03 8.257026076316833496e-01
4.874200012238799900e+03 8.567382097244262695e-01
4.874250012239499483e+03 9.261661767959594727e-01
4.874300012240199976e+03 9.565818905830383301e-01
4.874350012240900469e+03 9.592666625976562500e-01
4.874400012241600052e+03 9.582750201225280762e-01
4.874450012242299636e+03 9.403799176216125488e-01
4.874500012243000128e+03 9.055951833724975586e-01
4.874550012243699712e+03 8.425593972206115723e-01
4.874600012244400205e+03 8.221957087516784668e-01
4.874650012245099788e+03 8.643180727958679199e-01
4.874700012245800281e+03 8.934750556945800781e-01
4.874750012246499864e+03 8.556550145149230957e-01
4.874800012247200357e+03 7.903935313224792480e-01
4.874850012247899940e+03 7.829373478889465332e-01
4.874900012248599523e+03 8.579059839248657227e-01
4.874950012249300016e+03 9.325571060180664062e-01
4.875000012249999600e+03 9.567527770996093750e-01
4.875050012250700092e+03 9.604320526123046875e-01
4.875100012251399676e+03 9.479122161865234375e-01
4.875150012252100169e+03 9.280381798744201660e-01
4.875200012252799752e+03 8.357359766960144043e-01
4.875250012253500245e+03 7.303873896598815918e-01
4.875300012254199828e+03 7.169810533523559570e-01
4.875350012254900321e+03 8.092930912971496582e-01
4.875400012255599904e+03 9.104065895080566406e-01
4.875450012256300397e+03 9.512950778007507324e-01
4.875500012256999980e+03 9.404977560043334961e-01
4.875550012257699564e+03 8.880843520164489746e-01
4.875600012258400056e+03 7.730910778045654297e-01
4.875650012259099640e+03 6.362037062644958496e-01
4.875700012259800133e+03 6.440843939781188965e-01
4.875750012260499716e+03 7.851358056068420410e-01
4.875800012261200209e+03 9.104142189025878906e-01
4.875850012261899792e+03 9.487880468368530273e-01
4.875900012262600285e+03 9.306243062019348145e-01
4.875950012263299868e+03 9.250181317329406738e-01
4.876000012264000361e+03 9.294870495796203613e-01
4.876050012264699944e+03 9.193496704101562500e-01
4.876100012265400437e+03 8.585123419761657715e-01
4.876150012266100020e+03 7.458823323249816895e-01
4.876200012266799604e+03 6.535978913307189941e-01
4.876250012267500097e+03 6.637102365493774414e-01
4.876300012268199680e+03 7.502956390380859375e-01
4.876350012268900173e+03 8.500158190727233887e-01
4.876400012269599756e+03 9.266092777252197266e-01
4.876450012270300249e+03 9.431261420249938965e-01
4.876500012270999832e+03 9.553522467613220215e-01
4.876550012271700325e+03 9.518361687660217285e-01
4.876600012272399908e+03 9.621111750602722168e-01
4.876650012273099492e+03 9.770632386207580566e-01
4.876700012273799985e+03 9.731454253196716309e-01
4.876750012274500477e+03 9.812533259391784668e-01
4.876800012275200061e+03 9.887235164642333984e-01
4.876850012275899644e+03 9.862305521965026855e-01
4.876900012276600137e+03 9.774762392044067383e-01
4.876950012277299720e+03 9.667860865592956543e-01
4.877000012278000213e+03 9.640279412269592285e-01
4.877050012278699796e+03 9.677885174751281738e-01
4.877100012279400289e+03 9.833286404609680176e-01
4.877150012280099872e+03 9.788045287132263184e-01
4.877200012280800365e+03 9.590761661529541016e-01
4.877250012281499949e+03 9.646120667457580566e-01
4.877300012282199532e+03 9.390488266944885254e-01
4.877350012282900025e+03 8.670267462730407715e-01
4.877400012283599608e+03 8.235918283462524414e-01
4.877450012284300101e+03 8.653171658515930176e-01
4.877500012284999684e+03 9.126679897308349609e-01
4.877550012285700177e+03 9.200771450996398926e-01
4.877600012286399760e+03 9.061504006385803223e-01
4.877650012287100253e+03 8.980904221534729004e-01
4.877700012287799836e+03 8.884094953536987305e-01
4.877750012288500329e+03 8.556464910507202148e-01
4.877800012289199913e+03 7.740446925163269043e-01
4.877850012289900405e+03 6.026273965835571289e-01
4.877900012290599989e+03 4.021853506565093994e-01
4.877950012291299572e+03 2.748087346553802490e-01
4.878000012292000065e+03 2.597534656524658203e-01
4.878050012292699648e+03 3.905839920043945312e-01
4.878100012293400141e+03 6.056203246116638184e-01
4.878150012294099724e+03 7.839811444282531738e-01
4.878200012294800217e+03 8.710145354270935059e-01
4.878250012295499801e+03 9.176395535469055176e-01
4.878300012296200293e+03 9.363386034965515137e-01
4.878350012296899877e+03 9.515135884284973145e-01
4.878400012297599460e+03 9.604020118713378906e-01
4.878450012298299953e+03 9.581938385963439941e-01
4.878500012299000446e+03 9.542906284332275391e-01
4.878550012299700029e+03 9.552221894264221191e-01
4.878600012300399612e+03 9.645279645919799805e-01
4.878650012301100105e+03 9.789036512374877930e-01
4.878700012301799688e+03 9.792298674583435059e-01
4.878750012302500181e+03 9.819186329841613770e-01
4.878800012303199765e+03 9.784993529319763184e-01
4.878850012303900257e+03 9.751260876655578613e-01
4.878900012304599841e+03 9.705636501312255859e-01
4.878950012305300334e+03 9.525483250617980957e-01
4.879000012305999917e+03 9.648715257644653320e-01
4.879050012306699500e+03 9.723008871078491211e-01
4.879100012307399993e+03 9.770861864089965820e-01
4.879150012308099576e+03 9.793541431427001953e-01
4.879200012308800069e+03 9.747644066810607910e-01
4.879250012309499652e+03 9.752493500709533691e-01
4.879300012310200145e+03 9.740630984306335449e-01
4.879350012310899729e+03 9.762248992919921875e-01
4.879400012311600221e+03 9.768185019493103027e-01
4.879450012312299805e+03 9.742714762687683105e-01
4.879500012313000298e+03 9.772813320159912109e-01
4.879550012313699881e+03 9.741129279136657715e-01
4.879600012314400374e+03 9.800991415977478027e-01
4.879650012315099957e+03 9.780805110931396484e-01
4.879700012315799540e+03 9.710634350776672363e-01
4.879750012316500033e+03 9.619009494781494141e-01
4.879800012317199617e+03 9.567658305168151855e-01
4.879850012317900109e+03 9.436089396476745605e-01
4.879900012318599693e+03 9.437772035598754883e-01
4.879950012319300185e+03 9.638183712959289551e-01
4.880000012319999769e+03 9.765684604644775391e-01
4.880050012320700262e+03 9.751152396202087402e-01
4.880100012321399845e+03 9.716311693191528320e-01
4.880150012322100338e+03 9.781762361526489258e-01
4.880200012322799921e+03 9.709509015083312988e-01
4.880250012323500414e+03 9.480187296867370605e-01
4.880300012324199997e+03 9.146765470504760742e-01
4.880350012324899581e+03 9.079405665397644043e-01
4.880400012325600073e+03 9.384174942970275879e-01
4.880450012326299657e+03 9.618868231773376465e-01
4.880500012327000150e+03 9.689480066299438477e-01
4.880550012327699733e+03 9.755436778068542480e-01
4.880600012328400226e+03 9.679631590843200684e-01
4.880650012329099809e+03 9.482619762420654297e-01
4.880700012329800302e+03 9.191894531250000000e-01
4.880750012330499885e+03 9.040894508361816406e-01
4.880800012331199468e+03 9.216718673706054688e-01
4.880850012331899961e+03 9.470698237419128418e-01
4.880900012332600454e+03 9.676136374473571777e-01
4.880950012333300037e+03 9.650964140892028809e-01
4.881000012333999621e+03 9.656960368156433105e-01
4.881050012334700114e+03 9.693979024887084961e-01
4.881100012335399697e+03 9.673004746437072754e-01
4.881150012336100190e+03 9.691158533096313477e-01
4.881200012336799773e+03 9.438819885253906250e-01
4.881250012337500266e+03 8.717469573020935059e-01
4.881300012338199849e+03 7.452158927917480469e-01
4.881350012338900342e+03 6.529005169868469238e-01
4.881400012339599925e+03 6.441577672958374023e-01
4.881450012340299509e+03 6.281793117523193359e-01
4.881500012341000001e+03 5.917276144027709961e-01
4.881550012341699585e+03 6.507511734962463379e-01
4.881600012342400078e+03 8.082981109619140625e-01
4.881650012343099661e+03 9.246065020561218262e-01
4.881700012343800154e+03 9.578069448471069336e-01
4.881750012344499737e+03 9.568698406219482422e-01
4.881800012345200230e+03 9.314404129981994629e-01
4.881850012345899813e+03 8.141002655029296875e-01
4.881900012346600306e+03 6.189957857131958008e-01
4.881950012347299889e+03 5.435835123062133789e-01
4.882000012348000382e+03 6.665291190147399902e-01
4.882050012348699966e+03 8.291274905204772949e-01
4.882100012349399549e+03 9.075391888618469238e-01
4.882150012350100042e+03 9.355583786964416504e-01
4.882200012350799625e+03 9.507787227630615234e-01
4.882250012351500118e+03 9.617637395858764648e-01
4.882300012352199701e+03 9.733366966247558594e-01
4.882350012352900194e+03 9.813787937164306641e-01
4.882400012353599777e+03 9.690867662429809570e-01
4.882450012354300270e+03 9.512292742729187012e-01
4.882500012354999853e+03 9.478623867034912109e-01
4.882550012355700346e+03 9.592181444168090820e-01
4.882600012356399930e+03 9.692983627319335938e-01
4.882650012357100422e+03 9.699407219886779785e-01
4.882700012357800006e+03 9.738487601280212402e-01
4.882750012358499589e+03 9.797883033752441406e-01
4.882800012359200082e+03 9.815804958343505859e-01
4.882850012359899665e+03 9.847287535667419434e-01
4.882900012360600158e+03 9.788516759872436523e-01
4.882950012361299741e+03 9.811748266220092773e-01
4.883000012362000234e+03 9.734656214714050293e-01
4.883050012362699817e+03 9.769247770309448242e-01
4.883100012363400310e+03 9.812161326408386230e-01
4.883150012364099894e+03 9.711687564849853516e-01
4.883200012364799477e+03 9.390615224838256836e-01
4.883250012365499970e+03 9.329624772071838379e-01
4.883300012366200463e+03 9.425679445266723633e-01
4.883350012366900046e+03 9.291644692420959473e-01
4.883400012367599629e+03 8.103448152542114258e-01
4.883450012368300122e+03 6.474813222885131836e-01
4.883500012368999705e+03 6.298667788505554199e-01
4.883550012369700198e+03 7.710016369819641113e-01
4.883600012370399782e+03 8.918933868408203125e-01
4.883650012371100274e+03 9.299165606498718262e-01
4.883700012371799858e+03 9.318721890449523926e-01
4.883750012372500350e+03 9.348346590995788574e-01
4.883800012373199934e+03 9.305377602577209473e-01
4.883850012373899517e+03 9.287731051445007324e-01
4.883900012374600010e+03 9.390405416488647461e-01
4.883950012375299593e+03 9.563916325569152832e-01
4.884000012376000086e+03 9.711019396781921387e-01
4.884050012376699669e+03 9.744092822074890137e-01
4.884100012377400162e+03 9.667918086051940918e-01
4.884150012378099746e+03 9.665167927742004395e-01
4.884200012378800238e+03 9.732251167297363281e-01
4.884250012379499822e+03 9.633538126945495605e-01
4.884300012380200315e+03 9.239142537117004395e-01
4.884350012380899898e+03 8.616099357604980469e-01
4.884400012381600391e+03 8.268773555755615234e-01
4.884450012382299974e+03 8.561226129531860352e-01
4.884500012382999557e+03 9.015921950340270996e-01
4.884550012383700050e+03 9.115931987762451172e-01
4.884600012384399633e+03 9.005150198936462402e-01
4.884650012385100126e+03 8.882221579551696777e-01
4.884700012385799710e+03 8.696217536926269531e-01
4.884750012386500202e+03 8.336112499237060547e-01
4.884800012387199786e+03 7.540199160575866699e-01
4.884850012387900279e+03 6.368226408958435059e-01
4.884900012388599862e+03 6.202301383018493652e-01
4.884950012389300355e+03 7.717861533164978027e-01
4.885000012389999938e+03 9.019563198089599609e-01
4.885050012390700431e+03 9.404766559600830078e-01
4.885100012391400014e+03 9.036915302276611328e-01
4.885150012392099597e+03 7.550365328788757324e-01
4.885200012392800090e+03 5.812438130378723145e-01
4.885250012393499674e+03 5.785469412803649902e-01
4.885300012394200166e+03 7.324011325836181641e-01
4.885350012394899750e+03 8.892142176628112793e-01
4.885400012395600243e+03 9.432455897331237793e-01
4.885450012396299826e+03 9.213691353797912598e-01
4.885500012397000319e+03 8.513648509979248047e-01
4.885550012397699902e+03 7.845657467842102051e-01
4.885600012398399485e+03 7.975005507469177246e-01
4.885650012399099978e+03 8.575558662414550781e-01
4.885700012399800471e+03 8.753678202629089355e-01
4.885750012400500054e+03 8.719205856323242188e-01
4.885800012401199638e+03 8.904070258140563965e-01
4.885850012401900130e+03 9.218737483024597168e-01
4.885900012402599714e+03 9.452649950981140137e-01
4.885950012403300207e+03 9.343957901000976562e-01
4.886000012403999790e+03 8.701033592224121094e-01
4.886050012404700283e+03 7.310563921928405762e-01
4.886100012405399866e+03 5.792304277420043945e-01
4.886150012406100359e+03 5.729306936264038086e-01
4.886200012406799942e+03 7.207440137863159180e-01
4.886250012407499526e+03 8.706013560295104980e-01
4.886300012408200018e+03 9.409436583518981934e-01
4.886350012408899602e+03 9.578951001167297363e-01
4.886400012409600095e+03 9.512706995010375977e-01
4.886450012410299678e+03 9.201468825340270996e-01
4.886500012411000171e+03 8.995135426521301270e-01
4.886550012411699754e+03 9.035377502441406250e-01
4.886600012412400247e+03 9.133621454238891602e-01
4.886650012413099830e+03 9.023474454879760742e-01
4.886700012413800323e+03 8.134336471557617188e-01
4.886750012414499906e+03 6.606104373931884766e-01
4.886800012415200399e+03 5.696668028831481934e-01
4.886850012415899982e+03 6.079730987548828125e-01
4.886900012416599566e+03 6.581819057464599609e-01
4.886950012417300059e+03 6.048055887222290039e-01
4.887000012417999642e+03 5.831913948059082031e-01
4.887050012418700135e+03 6.868592500686645508e-01
4.887100012419399718e+03 8.030973076820373535e-01
4.887150012420100211e+03 8.437345623970031738e-01
4.887200012420799794e+03 8.776928782463073730e-01
4.887250012421500287e+03 9.267429709434509277e-01
4.887300012422199870e+03 9.455781579017639160e-01
4.887350012422900363e+03 9.556648731231689453e-01
4.887400012423599946e+03 9.554186463356018066e-01
4.887450012424300439e+03 9.434574246406555176e-01
4.887500012425000023e+03 9.402501583099365234e-01
4.887550012425699606e+03 9.495874643325805664e-01
4.887600012426400099e+03 9.607892632484436035e-01
4.887650012427099682e+03 9.710731506347656250e-01
4.887700012427800175e+03 9.731100797653198242e-01
4.887750012428499758e+03 9.702559709548950195e-01
4.887800012429200251e+03 9.778199195861816406e-01
4.887850012429899834e+03 9.694276452064514160e-01
4.887900012430600327e+03 9.590218067169189453e-01
4.887950012431299911e+03 9.439738392829895020e-01
4.888000012431999494e+03 9.572612047195434570e-01
4.888050012432699987e+03 9.616357684135437012e-01
4.888100012433400479e+03 9.635664224624633789e-01
4.888150012434100063e+03 9.721915721893310547e-01
4.888200012434799646e+03 9.350054264068603516e-01
4.888250012435500139e+03 8.715710043907165527e-01
4.888300012436199722e+03 7.693637013435363770e-01
4.888350012436900215e+03 6.472390890121459961e-01
4.888400012437599798e+03 5.255951881408691406e-01
4.888450012438300291e+03 5.328693985939025879e-01
4.888500012438999875e+03 7.010289430618286133e-01
4.888550012439700367e+03 8.517609834671020508e-01
4.888600012440399951e+03 9.131984710693359375e-01
4.888650012441099534e+03 9.081689715385437012e-01
4.888700012441800027e+03 8.209993243217468262e-01
4.888750012442499610e+03 6.403614878654479980e-01
4.888800012443200103e+03 4.794859588146209717e-01
4.888850012443899686e+03 4.319246411323547363e-01
4.888900012444600179e+03 5.065214633941650391e-01
4.888950012445299762e+03 6.790146827697753906e-01
4.889000012446000255e+03 8.594789505004882812e-01
4.889050012446699839e+03 9.364657402038574219e-01
4.889100012447400331e+03 9.605274796485900879e-01
4.889150012448099915e+03 9.723798632621765137e-01
4.889200012448800408e+03 9.788954257965087891e-01
4.889250012449499991e+03 9.828007817268371582e-01
4.889300012450199574e+03 9.815087318420410156e-01
4.889350012450900067e+03 9.721565246582031250e-01
4.889400012451599650e+03 9.623964428901672363e-01
4.889450012452300143e+03 9.626490473747253418e-01
4.889500012452999727e+03 9.638422727584838867e-01
4.889550012453700219e+03 9.656381607055664062e-01
4.889600012454399803e+03 9.597223401069641113e-01
4.889650012455100295e+03 9.665445089340209961e-01
4.889700012455799879e+03 9.638438820838928223e-01
4.889750012456499462e+03 9.608756899833679199e-01
4.889800012457199955e+03 9.599602818489074707e-01
4.889850012457900448e+03 9.561001062393188477e-01
4.889900012458600031e+03 9.486089944839477539e-01
4.889950012459299614e+03 9.413161277770996094e-01
4.890000012460000107e+03 9.417973160743713379e-01
4.890050012460699691e+03 9.297372698783874512e-01
4.890100012461400183e+03 9.095227718353271484e-01
4.890150012462099767e+03 8.982645869255065918e-01
4.890200012462800260e+03 8.778400421142578125e-01
4.890250012463499843e+03 8.632884025573730469e-01
4.890300012464200336e+03 8.251879215240478516e-01
4.890350012464899919e+03 7.781937122344970703e-01
4.890400012465599502e+03 6.698225140571594238e-01
4.890450012466299995e+03 5.224508047103881836e-01
4.890500012466999578e+03 3.493365645408630371e-01
4.890550012467700071e+03 2.518550455570220947e-01
4.890600012468399655e+03 3.116509020328521729e-01
4.890650012469100147e+03 4.746986925601959229e-01
4.890700012469799731e+03 6.309570670127868652e-01
4.890750012470500224e+03 7.174574136734008789e-01
4.890800012471199807e+03 7.383530139923095703e-01
4.890850012471900300e+03 7.400880455970764160e-01
4.890900012472599883e+03 7.272146940231323242e-01
4.890950012473300376e+03 7.284656167030334473e-01
4.891000012473999959e+03 7.175216078758239746e-01
4.891050012474699543e+03 7.024244666099548340e-01
4.891100012475400035e+03 6.305115222930908203e-01
4.891150012476099619e+03 5.264708399772644043e-01
4.891200012476800111e+03 4.045230150222778320e-01
4.891250012477499695e+03 2.710322737693786621e-01
4.891300012478200188e+03 2.232564687728881836e-01
4.891350012478899771e+03 3.053909540176391602e-01
4.891400012479600264e+03 4.535993039608001709e-01
4.891450012480299847e+03 5.968499183654785156e-01
4.891500012481000340e+03 6.939103603363037109e-01
4.891550012481699923e+03 7.613921165466308594e-01
4.891600012482400416e+03 8.084724545478820801e-01
4.891650012483099999e+03 8.368959426879882812e-01
4.891700012483799583e+03 8.703487515449523926e-01
4.891750012484500076e+03 8.874255418777465820e-01
4.891800012485199659e+03 9.046437740325927734e-01
4.891850012485900152e+03 9.241793751716613770e-01
4.891900012486599735e+03 9.314479827880859375e-01
4.891950012487300228e+03 9.423129558563232422e-01
4.892000012487999811e+03 9.387030601501464844e-01
4.892050012488700304e+03 9.504905939102172852e-01
4.892100012489399887e+03 9.603868722915649414e-01
4.892150012490099471e+03 9.634166359901428223e-01
4.892200012490799963e+03 9.713351130485534668e-01
4.892250012491500456e+03 9.589869976043701172e-01
4.892300012492200040e+03 9.556916952133178711e-01
4.892350012492899623e+03 9.626898169517517090e-01
4.892400012493600116e+03 9.706466197967529297e-01
4.892450012494299699e+03 9.650257825851440430e-01
4.892500012495000192e+03 9.494621753692626953e-01
4.892550012495699775e+03 8.826529979705810547e-01
4.892600012496400268e+03 7.542861700057983398e-01
4.892650012497099851e+03 6.677913069725036621e-01
4.892700012497800344e+03 7.332738637924194336e-01
4.892750012498499927e+03 8.596515655517578125e-01
4.892800012499199511e+03 9.332493543624877930e-01
4.892850012499900004e+03 9.559273719787597656e-01
4.892900012500599587e+03 9.652987718582153320e-01
4.892950012501300080e+03 9.688783884048461914e-01
4.893000012501999663e+03 9.697746038436889648e-01
4.893050012502700156e+03 9.695193767547607422e-01
4.893100012503399739e+03 9.667432904243469238e-01
4.893150012504100232e+03 9.554935693740844727e-01
4.893200012504799815e+03 9.601862430572509766e-01
4.893250012505500308e+03 9.653795361518859863e-01
4.893300012506199892e+03 9.690134525299072266e-01
4.893350012506900384e+03 9.678948521614074707e-01
4.893400012507599968e+03 9.629257917404174805e-01
4.893450012508299551e+03 9.382681846618652344e-01
4.893500012509000044e+03 9.179626703262329102e-01
4.893550012509699627e+03 8.984779715538024902e-01
4.893600012510400120e+03 8.690766096115112305e-01
4.893650012511099703e+03 8.887909054756164551e-01
4.893700012511800196e+03 9.295275807380676270e-01
4.893750012512499779e+03 9.584394693374633789e-01
4.893800012513200272e+03 9.712222218513488770e-01
4.893850012513899856e+03 9.754566550254821777e-01
4.893900012514600348e+03 9.819625020027160645e-01
4.893950012515299932e+03 9.768615365028381348e-01
4.894000012516000425e+03 9.610792398452758789e-01
4.894050012516700008e+03 9.688344597816467285e-01
4.894100012517399591e+03 9.626107811927795410e-01
4.894150012518100084e+03 9.543288946151733398e-01
4.894200012518799667e+03 9.545828700065612793e-01
4.894250012519500160e+03 9.601459503173828125e-01
4.894300012520199743e+03 9.369820356369018555e-01
4.894350012520900236e+03 9.213675856590270996e-01
4.894400012521599820e+03 9.285308718681335449e-01
4.894450012522300312e+03 9.633541107177734375e-01
4.894500012522999896e+03 9.783703088760375977e-01
4.894550012523699479e+03 9.776823520660400391e-01
4.894600012524399972e+03 9.808208942413330078e-01
4.894650012525100465e+03 9.809769988059997559e-01
4.894700012525800048e+03 9.824839830398559570e-01
4.894750012526499631e+03 9.750494360923767090e-01
4.894800012527200124e+03 9.782779812812805176e-01
4.894850012527899707e+03 9.866743683815002441e-01
4.894900012528600200e+03 9.785761833190917969e-01
4.894950012529299784e+03 9.818380475044250488e-01
4.895000012530000276e+03 9.871016144752502441e-01
4.895050012530699860e+03 9.889411926269531250e-01
4.895100012531400353e+03 9.870574474334716797e-01
4.895150012532099936e+03 9.871059656143188477e-01
4.895200012532799519e+03 9.715677499771118164e-01
4.895250012533500012e+03 9.861060976982116699e-01
4.895300012534199595e+03 9.840061068534851074e-01
4.895350012534900088e+03 9.803756475448608398e-01
4.895400012535599672e+03 9.764436483383178711e-01
4.895450012536300164e+03 9.689389467239379883e-01
4.895500012536999748e+03 9.626272916793823242e-01
4.895550012537700241e+03 9.770861864089965820e-01
4.895600012538399824e+03 9.813410639762878418e-01
4.895650012539100317e+03 9.768304824829101562e-01
4.895700012539799900e+03 9.754142761230468750e-01
4.895750012540500393e+03 9.759410619735717773e-01
4.895800012541199976e+03 9.713746905326843262e-01
4.895850012541899559e+03 9.723779559135437012e-01
4.895900012542600052e+03 9.755725264549255371e-01
4.895950012543299636e+03 9.783983230590820312e-01
4.896000012544000128e+03 9.750688672065734863e-01
4.896050012544699712e+03 9.693227410316467285e-01
4.896100012545400205e+03 9.534263014793395996e-01
4.896150012546099788e+03 8.815027475357055664e-01
4.896200012546800281e+03 7.867840528488159180e-01
4.896250012547499864e+03 7.611162662506103516e-01
4.896300012548200357e+03 8.280888199806213379e-01
4.896350012548899940e+03 8.870967626571655273e-01
4.896400012549600433e+03 9.220517873764038086e-01
4.896450012550300016e+03 9.522978663444519043e-01
4.896500012550999600e+03 9.657860994338989258e-01
4.896550012551700092e+03 9.742488861083984375e-01
4.896600012552399676e+03 9.657480120658874512e-01
4.896650012553100169e+03 9.651752114295959473e-01
4.896700012553799752e+03 9.729552865028381348e-01
4.896750012554500245e+03 9.676975607872009277e-01
4.896800012555199828e+03 9.645162820816040039e-01
4.896850012555900321e+03 9.642861485481262207e-01
4.896900012556599904e+03 9.544132351875305176e-01
4.896950012557299488e+03 9.479128718376159668e-01
4.897000012557999980e+03 9.555523395538330078e-01
4.897050012558700473e+03 9.502599835395812988e-01
4.897100012559400056e+03 9.405708909034729004e-01
4.897150012560099640e+03 9.309315681457519531e-01
4.897200012560800133e+03 9.256806373596191406e-01
4.897250012561499716e+03 9.167714118957519531e-01
4.897300012562200209e+03 9.377213716506958008e-01
4.897350012562899792e+03 9.536134004592895508e-01
4.897400012563600285e+03 9.537552595138549805e-01
4.897450012564299868e+03 9.541494846343994141e-01
4.897500012565000361e+03 9.563533663749694824e-01
4.897550012565699944e+03 9.597961902618408203e-01
4.897600012566399528e+03 9.530243873596191406e-01
4.897650012567100021e+03 9.535940885543823242e-01
4.897700012567799604e+03 9.598323106765747070e-01
4.897750012568500097e+03 9.581842422485351562e-01
4.897800012569199680e+03 9.614824652671813965e-01
4.897850012569900173e+03 9.706852436065673828e-01
4.897900012570599756e+03 9.662932157516479492e-01
4.897950012571300249e+03 9.694197773933410645e-01
4.898000012571999832e+03 9.695903062820434570e-01
4.898050012572700325e+03 9.705076813697814941e-01
4.898100012573399908e+03 9.646783471107482910e-01
4.898150012574100401e+03 9.654916524887084961e-01
4.898200012574799985e+03 9.615596532821655273e-01
4.898250012575499568e+03 9.540485739707946777e-01
4.898300012576200061e+03 9.556368589401245117e-01
4.898350012576899644e+03 9.465104937553405762e-01
4.898400012577600137e+03 9.457918405532836914e-01
4.898450012578299720e+03 9.484771490097045898e-01
4.898500012579000213e+03 9.605705142021179199e-01
4.898550012579699796e+03 9.606093168258666992e-01
4.898600012580400289e+03 9.548294544219970703e-01
4.898650012581099872e+03 9.506880640983581543e-01
4.898700012581800365e+03 9.473824501037597656e-01
4.898750012582499949e+03 9.470804929733276367e-01
4.898800012583200441e+03 9.515811800956726074e-01
4.898850012583900025e+03 9.564480185508728027e-01
4.898900012584599608e+03 9.604289531707763672e-01
4.898950012585300101e+03 9.704458117485046387e-01
4.899000012585999684e+03 9.698390364646911621e-01
4.899050012586700177e+03 9.599289298057556152e-01
4.899100012587399760e+03 9.615980386734008789e-01
4.899150012588100253e+03 9.669647812843322754e-01
4.899200012588799837e+03 9.465294480323791504e-01
4.899250012589500329e+03 9.360209107398986816e-01
4.899300012590199913e+03 9.280859231948852539e-01
4.899350012590899496e+03 9.308975934982299805e-01
4.899400012591599989e+03 9.437820315361022949e-01
4.899450012592299572e+03 9.663997292518615723e-01
4.899500012593000065e+03 9.658470749855041504e-01
4.899550012593699648e+03 9.523510336875915527e-01
4.899600012594400141e+03 8.841978907585144043e-01
4.899650012595099724e+03 7.472797632217407227e-01
4.899700012595800217e+03 6.292986273765563965e-01
4.899750012596499801e+03 6.730014085769653320e-01
4.899800012597200293e+03 7.775784134864807129e-01
4.899850012597899877e+03 7.364941239356994629e-01
4.899900012598600370e+03 6.278298497200012207e-01
4.899950012599299953e+03 6.727037429809570312e-01
